Done,Date,Log name,Asset IDs,Asset names,Archive assets,Notes,Categories,Quantity measure,Quantity value,Quantity unit,Quantity label,Area/Location
1,14,,,2022-W10 Zuccini HVE24-S,0,Length of bed: 10.7 m,,14,,plants,pl,HortasDoVale-East (HDVE) - bed 24 south section
1,14,,,2022-W10 Zuccini HVE23-S,0,Length of bed: 8.91 m,,11,,plants,pl,HortasDoVale-East (HDVE) - bed 23 south section
1,14,,,2022-W10 Tomato roma HVW05,0,Length of bed: 57 m,,142,,plants,pl,HortasDoVale-West (HDVW) - bed 5
1,14,,,2022-W10 Radishes SGH3-S,0,Length of bed: 6.23 m,,934,,plants,pl,Summer Green House (SGH) - bed 3 south section
1,14,,,2022-W10 Pack choi HVE22-N,0,Length of bed: 27.6 m,,496,,plants,pl,HortasDoVale-East (HDVE) - bed 22 north section
1,14,,,2022-W10 Lettuce HVE26-N,0,Length of bed: 24.9 m,,174,,plants,pl,HortasDoVale-East (HDVE) - bed 26 north section
1,14,,,2022-W10 Lambs lettuce SGH4-S,0,Length of bed: 11.6 m,,208,,plants,pl,Summer Green House (SGH) - bed 4 south section
1,14,,,2022-W10 Coaulifower HVE26-N,0,Length of bed: 24.9 m,,112,,plants,pl,HortasDoVale-East (HDVE) - bed 26 north section
1,14,,,2022-W10 Chinese cabbage HVE10-S,0,Length of bed: 30.3 m,,545,,plants,pl,HortasDoVale-East (HDVE) - bed 10 south section
1,14,,,2022-W10 Celery SGH1-N,0,Length of bed: 17.8 m,,320,,plants,pl,Summer Green House (SGH) - bed 1 north section
1,7,,,2022-W09 Zuccini WGH2,0,Length of bed: 21.4 m,,28,,plants,pl,Winter Green House - bed 2
1,7,,,2022-W09 Zuccini WGH1,0,Length of bed: 12 m,,15,,plants,pl,Winter Green House - bed 1
1,7,,,2022-W09 Tomatos varied WGH6,0,Length of bed: 9.8 m,,13,,plants,pl,Winter Green House - bed 6
1,7,,,2022-W09 Tomatos varied WGH4,0,Length of bed: 21.4 m,,42,,plants,pl,Winter Green House - bed 4
1,7,,,2022-W09 Tomatos small WGH6,0,Length of bed: 9.8 m,,13,,plants,pl,Winter Green House - bed 6
1,7,,,2022-W09 Spring onion HVE08-N,0,Length of bed: 18.7 m,,748,,plants,pl,HortasDoVale-East (HDVE) - bed 8 north section
1,7,,,2022-W09 Spinaches HVE08-S,0,Length of bed: 29.4 m,,1058,,plants,pl,HortasDoVale-East (HDVE) - bed 8 south section
1,7,,,2022-W09 Lettuce HVW14,0,Length of bed: 57 m,,256,,plants,pl,HortasDoVale-West (HDVW) - bed 14
1,7,,,2022-W09 Lettuce HVW03,0,Length of bed: 57 m,,256,,plants,pl,HortasDoVale-West (HDVW) - bed 3
1,7,,,2022-W09 Cucumber WGH1,0,Length of bed: 9.35 m,,32,,plants,pl,Winter Green House - bed 1
1,7,,,2022-W09 Beetroot HVW14,0,Length of bed: 57 m,,256,,plants,pl,HortasDoVale-West (HDVW) - bed 14
1,7,,,2022-W09 Beetroot HVW03,0,Length of bed: 57 m,,256,,plants,pl,HortasDoVale-West (HDVW) - bed 3
1,28,,,2022-W08 Purple cabbage HVW14-S,0,Length of bed: 26.7 m,,120,,plants,pl,HortasDoVale-West (HDVW) - bed 14 south section
1,28,,,2022-W08 Parsley SGH4-N,0,Length of bed: 4.45 m,,160,,plants,pl,Summer Green House (SGH) - bed 4 north section
1,28,,,2022-W08 Green cabbage HVW14-N,0,Length of bed: 31.2 m,,140,,plants,pl,HortasDoVale-West (HDVW) - bed 14 north section
1,28,,,2022-W08 Dinossaur kale HVE14-S,0,Length of bed: 16 m,,144,,plants,pl,HortasDoVale-East (HDVE) - bed 14 south section
1,28,,,2022-W08 Curly kale HVE14-S,0,Length of bed: 12.5 m,,112,,plants,pl,HortasDoVale-East (HDVE) - bed 14 south section
1,28,,,2022-W08 Broccoli HVW03,0,Length of bed: 57 m,,256,,plants,pl,HortasDoVale-West (HDVW) - bed 3
1,21,,,2022-W07 Rucula HVE21-S,0,Length of bed: 8.91 m,,320,,plants,pl,HortasDoVale-East (HDVE) - bed 21 south section
1,21,,,2022-W07 Lettuce HVE27,0,Length of bed: 49.8 m,,248,,plants,pl,HortasDoVale-East (HDVE) - bed 27
1,14,,,2022-W06 Turnip greens HVE22-N,0,Length of bed: 9 m,,1350,,plants,pl,HortasDoVale-East (HDVE) - bed 22 north section
1,14,,,2022-W06 Sprouting turnip HVE22-N,0,Length of bed: 18 m,,2700,,plants,pl,HortasDoVale-East (HDVE) - bed 22 north section
1,14,,,2022-W06 Radishes HVE22-S,0,Length of bed: 13 m,,1950,,plants,pl,HortasDoVale-East (HDVE) - bed 22 south section
1,14,,,2022-W06 Kolrabi HVE27,0,Length of bed: 49.8 m,,224,,plants,pl,HortasDoVale-East (HDVE) - bed 27
1,14,,,2022-W06 Horse radish HVE22-S,0,Length of bed: 13 m,,1950,,plants,pl,HortasDoVale-East (HDVE) - bed 22 south section
1,14,,,2022-W06 Green cabbage HVE27,0,Length of bed: 49.8 m,,224,,plants,pl,HortasDoVale-East (HDVE) - bed 27
1,14,,,2022-W06 Coriander HVE23-S,0,Length of bed: 10.7 m,,385,,plants,pl,HortasDoVale-East (HDVE) - bed 23 south section
1,7,,,2022-W05 Mizuna green HVE21-S,0,Length of bed: 5.34 m,,192,,plants,pl,HortasDoVale-East (HDVE) - bed 21 south section
1,7,,,2022-W05 Lambs lettuce HVE21-S,0,Length of bed: 8.91 m,,320,,plants,pl,HortasDoVale-East (HDVE) - bed 21 south section
1,7,,,2022-W05 Kolrabi HVE21-N,0,Length of bed: 25.8 m,,116,,plants,pl,HortasDoVale-East (HDVE) - bed 21 north section
1,7,,,2022-W05 Green cabbage HVE21-N,0,Length of bed: 25.8 m,,116,,plants,pl,HortasDoVale-East (HDVE) - bed 21 north section
1,7,,,2022-W05 Chinese cabbage HVE21-S,0,Length of bed: 9.8 m,,176,,plants,pl,HortasDoVale-East (HDVE) - bed 21 south section
1,7,,,2022-W05 Beetroot HVE21-N,0,Length of bed: 25.8 m,,180,,plants,pl,HortasDoVale-East (HDVE) - bed 21 north section
1,31,,,2022-W04 Spinaches HVE13-S,0,Length of bed: 16 m,,576,,plants,pl,HortasDoVale-East (HDVE) - bed 13 south section
1,31,,,2022-W04 Radishes WGH5,0,Length of bed: 2.67 m,,400,,plants,pl,Winter Green House - bed 5
1,31,,,2022-W04 Potato HVE20,0,Length of bed: 55.2 m,,276,,plants,pl,HortasDoVale-East (HDVE) - bed 20
1,31,,,2022-W04 Potato HVE19,0,Length of bed: 55.2 m,,276,,plants,pl,HortasDoVale-East (HDVE) - bed 19
1,31,,,2022-W04 Lettuce HVE13-S,0,Length of bed: 12.5 m,,225,,plants,pl,HortasDoVale-East (HDVE) - bed 13 south section
1,31,,,2022-W04 Carrot WGH5,0,Length of bed: 21.4 m,,4280,,plants,pl,Winter Green House - bed 5
1,31,,,2022-W04 Beetroot HVE16-S,0,Length of bed: 23.2 m,,417,,plants,pl,HortasDoVale-East (HDVE) - bed 16 south section
1,31,,,2022-W04 Aubergine WGH8,0,Length of bed: 9.8 m,,44,,plants,pl,Winter Green House - bed 8
1,31,,,2022-W04 Aubergine WGH7,0,Length of bed: 10.7 m,,48,,plants,pl,Winter Green House - bed 7
1,24,,,2022-W03 Garlic HVE26-S,0,Length of bed: 28.5 m,,1140,,plants,pl,HortasDoVale-East (HDVE) - bed 26 south section
1,24,,,2022-W03 Garlic HVE15-S,0,Length of bed: 28.5 m,,1140,,plants,pl,HortasDoVale-East (HDVE) - bed 15 south section
1,17,,,2022-W02 Onion HVE02,0,Length of bed: 55.2 m,,2208,,plants,pl,HortasDoVale-East (HDVE) - bed 2
1,17,,,2022-W02 Onion HVE01,0,Length of bed: 55.2 m,,2208,,plants,pl,HortasDoVale-East (HDVE) - bed 1
1,17,,,2022-W02 Lettuce SGH3-N,0,Length of bed: 8.02 m,,144,,plants,pl,Summer Green House (SGH) - bed 3 north section
1,10,,,2022-W01 Salanova HVE24-S,0,Length of bed: 4.45 m,,160,,plants,pl,HortasDoVale-East (HDVE) - bed 24 south section
1,10,,,2022-W01 Salanova HVE24-N,0,Length of bed: 11.6 m,,208,,plants,pl,HortasDoVale-East (HDVE) - bed 24 north section
1,10,,,2022-W01 Radishes SGH4-N,0,Length of bed: 8.02 m,,144,,plants,pl,Summer Green House (SGH) - bed 4 north section
1,10,,,2022-W01 Parsley HVE24-N,0,Length of bed: 8.91 m,,320,,plants,pl,HortasDoVale-East (HDVE) - bed 24 north section
1,10,,,2022-W01 Pack choi HVE23-S,0,Length of bed: 19.6 m,,352,,plants,pl,HortasDoVale-East (HDVE) - bed 23 south section
1,10,,,2022-W01 Lettuce HVE24-S,0,Length of bed: 8.91 m,,160,,plants,pl,HortasDoVale-East (HDVE) - bed 24 south section
1,10,,,2022-W01 Lettuce HVE23-S,0,Length of bed: 13.4 m,,241,,plants,pl,HortasDoVale-East (HDVE) - bed 23 south section
1,10,,,2022-W01 Lettuce HVE23-N,0,Length of bed: 6.23 m,,112,,plants,pl,HortasDoVale-East (HDVE) - bed 23 north section
1,10,,,2022-W01 Land cress HVE24-N,0,Length of bed: 3.56 m,,128,,plants,pl,HortasDoVale-East (HDVE) - bed 24 north section
1,10,,,2022-W01 Dill HVE24-N,0,Length of bed: 5.34 m,,96,,plants,pl,HortasDoVale-East (HDVE) - bed 24 north section
1,10,,,2022-W01 Chinese cabbage HVE24-S,0,Length of bed: 19.6 m,,352,,plants,pl,HortasDoVale-East (HDVE) - bed 24 south section
1,2,,,2021-W52 Celery HVE23-N,0,Length of bed: 19.6 m,,705,,plants,pl,HortasDoVale-East (HDVE) - bed 23 north section
1,19,,,2021-W50 Strawberry HVW25,0,Length of bed: 57 m,,156,,plants,pl,HortasDoVale-West (HDVW) - bed 25
1,19,,,2021-W50 Strawberry HVW24,0,Length of bed: 57 m,,144,,plants,pl,HortasDoVale-West (HDVW) - bed 24
1,19,,,2021-W50 Lettuce SGH4-S,0,Length of bed: 4.45 m,,80,,plants,pl,Summer Green House (SGH) - bed 4 south section
1,19,,,2021-W50 Garlic HVE15-S,0,Length of bed: 14.3 m,,572,,plants,pl,HortasDoVale-East (HDVE) - bed 15 south section
1,19,,,2021-W50 Celery SGH4-S,0,Length of bed: 5.34 m,,96,,plants,pl,Summer Green House (SGH) - bed 4 south section
1,12,,,2021-W49 Strawberry HVE07,0,Length of bed: 55.2 m,,414,,plants,pl,HortasDoVale-East (HDVE) - bed 7
1,12,,,2021-W49 Strawberry HVE06,0,Length of bed: 55.2 m,,414,,plants,pl,HortasDoVale-East (HDVE) - bed 6
1,12,,,2021-W49 Strawberry HVE05,0,Length of bed: 55.2 m,,414,,plants,pl,HortasDoVale-East (HDVE) - bed 5
1,5,,,2021-W48 Turnip greens HVE12-S,0,Length of bed: 9.53 m,,1238,,plants,pl,HortasDoVale-East (HDVE) - bed 12 south section
1,5,,,2021-W48 Sprouting turnip HVE12-S,0,Length of bed: 9.53 m,,1238,,plants,pl,HortasDoVale-East (HDVE) - bed 12 south section
1,5,,,2021-W48 Radishes HVE15-N,0,Length of bed: 10.7 m,,1605,,plants,pl,HortasDoVale-East (HDVE) - bed 15 north section
1,5,,,2021-W48 N.Z. Spinaches HVE23-N,0,Length of bed: 14.8 m,,133,,plants,pl,HortasDoVale-East (HDVE) - bed 23 north section
1,5,,,2021-W48 Horse radish HVE15-N,0,Length of bed: 13.4 m,,2010,,plants,pl,HortasDoVale-East (HDVE) - bed 15 north section
1,5,,,2021-W48 Broad beans HVE17,0,Length of bed: 55.2 m,,330,,plants,pl,HortasDoVale-East (HDVE) - bed 17
1,28,,,2021-W47 Spinaches HVE16-S,0,Length of bed: 17.8 m,,640,,plants,pl,HortasDoVale-East (HDVE) - bed 16 south section
1,28,,,2021-W47 Salanova WGH6,0,Length of bed: 8.02 m,,144,,plants,pl,Winter Green House - bed 6
1,28,,,2021-W47 Lettuce WGH6,0,Length of bed: 8.02 m,,144,,plants,pl,Winter Green House - bed 6
1,28,,,2021-W47 Lambs lettuce HVE16-N,0,Length of bed: 8.91 m,,320,,plants,pl,HortasDoVale-East (HDVE) - bed 16 north section
1,28,,,2021-W47 Carrot WGH8,0,Length of bed: 9.8 m,,1960,,plants,pl,Winter Green House - bed 8
1,28,,,2021-W47 Carrot WGH7,0,Length of bed: 9.8 m,,1470,,plants,pl,Winter Green House - bed 7
1,21,,,2021-W46 Spinaches HVE12-S,0,Length of bed: 4.76 m,,,,,,HortasDoVale-East (HDVE) - bed 12 south section
1,21,,,2021-W46 Rucula HVE16-N,0,Length of bed: 5.34 m,,192,,plants,pl,HortasDoVale-East (HDVE) - bed 16 north section
1,21,,,2021-W46 Mizuna purple HVE16-N,0,Length of bed: 4.45 m,,160,,plants,pl,HortasDoVale-East (HDVE) - bed 16 north section
1,21,,,2021-W46 Mizuna green HVE16-N,0,Length of bed: 4.45 m,,160,,plants,pl,HortasDoVale-East (HDVE) - bed 16 north section
1,21,,,2021-W46 Leek HVE18-S,0,Length of bed: 27.6 m,,828,,plants,pl,HortasDoVale-East (HDVE) - bed 18 south section
1,21,,,2021-W46 Leek HVE09-S,0,Length of bed: 3.56 m,,106,,plants,pl,HortasDoVale-East (HDVE) - bed 9 south section
1,21,,,2021-W46 Garlic HVE18-N,0,Length of bed: 27.6 m,,1104,,plants,pl,HortasDoVale-East (HDVE) - bed 18 north section
1,21,,,2021-W46 Coriander WGH3,0,Length of bed: 7.39 m,,266,,plants,pl,Winter Green House - bed 3
1,21,,,2021-W46 Coriander SGH3-S,0,Length of bed: 2.67 m,,,,,,Summer Green House (SGH) - bed 3 south section
1,14,,,2021-W45 Parsley SGH3-S,0,Length of bed: 5.34 m,,,,,,Summer Green House (SGH) - bed 3 south section
1,14,,,2021-W45 Lettuce HVW15-S,0,Length of bed: 5.34 m,,96,,plants,pl,HortasDoVale-West (HDVW) - bed 15 south section
1,14,,,2021-W45 Chinese cabbage SGH1-N,0,Length of bed: 16 m,,144,,plants,pl,Summer Green House (SGH) - bed 1 north section
1,7,,,2021-W44 Pack choi WGH5,0,Length of bed: 15.1 m,,271,,plants,pl,Winter Green House - bed 5
1,7,,,2021-W44 Mizuna green SGH2-N,0,Length of bed: 2.67 m,,96,,plants,pl,Summer Green House (SGH) - bed 2 north section
1,7,,,2021-W44 Coriander SGH2-N,0,Length of bed: 4.36 m,,156,,plants,pl,Summer Green House (SGH) - bed 2 north section
1,31,,,2021-W43 Turnip HVE13-N,0,Length of bed: 18.7 m,,2431,,plants,pl,HortasDoVale-East (HDVE) - bed 13 north section
1,31,,,2021-W43 Turnip greens HVE12-N,0,Length of bed: 8.02 m,,1042,,plants,pl,HortasDoVale-East (HDVE) - bed 12 north section
1,31,,,2021-W43 Sprouting turnip HVE12-N,0,Length of bed: 8.02 m,,1042,,plants,pl,HortasDoVale-East (HDVE) - bed 12 north section
1,31,,,2021-W43 Spinaches HVE12-N,0,Length of bed: 4.76 m,,,,,,HortasDoVale-East (HDVE) - bed 12 north section
1,31,,,2021-W43 Radishes HVE13-N,0,Length of bed: 9.8 m,,,,,,HortasDoVale-East (HDVE) - bed 13 north section
1,31,,,2021-W43 Lettuce HVW18-N,0,Length of bed: 28.5 m,,128,,plants,pl,HortasDoVale-West (HDVW) - bed 18 north section
1,31,,,2021-W43 Lettuce HVE11-S,0,Length of bed: 28.5 m,,64,,plants,pl,HortasDoVale-East (HDVE) - bed 11 south section
1,31,,,2021-W43 Lettuce HVE11-N,0,Length of bed: 28.5 m,,64,,plants,pl,HortasDoVale-East (HDVE) - bed 11 north section
1,31,,,2021-W43 Kolrabi HVW18-N,0,Length of bed: 28.5 m,,128,,plants,pl,HortasDoVale-West (HDVW) - bed 18 north section
1,31,,,2021-W43 Horse radish HVE12-N,0,Length of bed: 6.23 m,,934,,plants,pl,HortasDoVale-East (HDVE) - bed 12 north section
1,31,,,2021-W43 Green peas HVE14-S,0,Length of bed: 14.3 m,,257,,plants,pl,HortasDoVale-East (HDVE) - bed 14 south section
1,31,,,2021-W43 Green pea pods HVE14-S,0,Length of bed: 14.3 m,,257,,plants,pl,HortasDoVale-East (HDVE) - bed 14 south section
1,31,,,2021-W43 Green cabbage HVW18-N,0,Length of bed: 13.4 m,,90,,plants,pl,HortasDoVale-West (HDVW) - bed 18 north section
1,31,,,2021-W43 Coaulifower HVW18-N,0,Length of bed: 14.3 m,,64,,plants,pl,HortasDoVale-West (HDVW) - bed 18 north section
1,31,,,2021-W43 Broad beans HVE14-N,0,Length of bed: 27.6 m,,,,,,HortasDoVale-East (HDVE) - bed 14 north section
1,24,,,2021-W42 Lambs lettuce HVW15-S,0,Length of bed: 2.4 m,,86,,plants,pl,HortasDoVale-West (HDVW) - bed 15 south section
1,24,,,2021-W42 Green cabbage HVE11-S,0,Length of bed: 8.91 m,,40,,plants,pl,HortasDoVale-East (HDVE) - bed 11 south section
1,24,,,2021-W42 Coaulifower HVE11-S,0,Length of bed: 16 m,,72,,plants,pl,HortasDoVale-East (HDVE) - bed 11 south section
1,24,,,2021-W42 Broccoli HVE11-N,0,Length of bed: 28.5 m,,128,,plants,pl,HortasDoVale-East (HDVE) - bed 11 north section
1,24,,,2021-W42 Beetroot HVE11-S,0,Length of bed: 28.5 m,,199,,plants,pl,HortasDoVale-East (HDVE) - bed 11 south section
1,24,,,2021-W42 Beetroot HVE11-N,0,Length of bed: 28.5 m,,199,,plants,pl,HortasDoVale-East (HDVE) - bed 11 north section
1,17,,,2021-W41 Zuccini WGH4,0,Length of bed: 22.3 m,,17,,plants,pl,Winter Green House - bed 4
1,17,,,2021-W41 Zuccini WGH3,0,Length of bed: 15.1 m,,12,,plants,pl,Winter Green House - bed 3
1,17,,,2021-W41 Spinaches HVW15-S,0,Length of bed: 8.02 m,,144,,plants,pl,HortasDoVale-West (HDVW) - bed 15 south section
1,17,,,2021-W41 Potato HVE08,0,Length of bed: 55.2 m,,276,,plants,pl,HortasDoVale-East (HDVE) - bed 8
1,17,,,2021-W41 Cucumber WGH4,0,Length of bed: 7.13 m,,32,,plants,pl,Winter Green House - bed 4
1,3,,,2021-W39 Turnip HVW18-S,0,Length of bed: 28.5 m,,3705,,plants,pl,HortasDoVale-West (HDVW) - bed 18 south section
1,3,,,2021-W39 Salanova SGH4-N,0,Length of bed: 7.13 m,,128,,plants,pl,Summer Green House (SGH) - bed 4 north section
1,3,,,2021-W39 Radishes WGH7,0,Length of bed: 9.8 m,,1470,,plants,pl,Winter Green House - bed 7
1,3,,,2021-W39 Leek HVE09-S,0,Length of bed: 16 m,,480,,plants,pl,HortasDoVale-East (HDVE) - bed 9 south section
1,3,,,2021-W39 Galega kale HVW16-N,0,Length of bed: 4.45 m,,80,,plants,pl,HortasDoVale-West (HDVW) - bed 16 north section
1,3,,,2021-W39 Dinossaur kale HVW16-N,0,Length of bed: 6.41 m,,115,,plants,pl,HortasDoVale-West (HDVW) - bed 16 north section
1,3,,,2021-W39 Curly kale HVW16-N,0,Length of bed: 3.12 m,,28,,plants,pl,HortasDoVale-West (HDVW) - bed 16 north section
1,3,,,2021-W39 Broccoli HVW16-S,0,Length of bed: 28.5 m,,128,,plants,pl,HortasDoVale-West (HDVW) - bed 16 south section
1,3,,,2021-W39 Broccoli HVW16-N,0,Length of bed: 14.5 m,,65,,plants,pl,HortasDoVale-West (HDVW) - bed 16 north section
1,3,,,2021-W39 Beetroot HVW16,0,Length of bed: 29 m,,144,,plants,pl,HortasDoVale-West (HDVW) - bed 16
1,26,,,2021-W38 Turnip greens HVE25-S,0,Length of bed: 13.4 m,,1742,,plants,pl,HortasDoVale-East (HDVE) - bed 25 south section
1,26,,,2021-W38 Sprouting turnip HVE25-S,0,Length of bed: 13.4 m,,1742,,plants,pl,HortasDoVale-East (HDVE) - bed 25 south section
1,26,,,2021-W38 Spring onion HVE09-N,0,Length of bed: 24.9 m,,996,,plants,pl,HortasDoVale-East (HDVE) - bed 9 north section
1,26,,,2021-W38 Spring onion HVE01,0,Length of bed: 55.2 m,,220,,plants,pl,HortasDoVale-East (HDVE) - bed 1
1,26,,,2021-W38 Rucula SGH2-N,0,Length of bed: 5.34 m,,192,,plants,pl,Summer Green House (SGH) - bed 2 north section
1,26,,,2021-W38 N.Z. Spinaches HVW23-S,0,Length of bed: 10.7 m,,96,,plants,pl,HortasDoVale-West (HDVW) - bed 23 south section
1,26,,,2021-W38 Carrot HVE03,0,Length of bed: 55.2 m,,11040,,plants,pl,HortasDoVale-East (HDVE) - bed 3
1,19,,,2021-W37 Spinaches HVW23-S,0,Length of bed: 2.67 m,,96,,plants,pl,HortasDoVale-West (HDVW) - bed 23 south section
1,19,,,2021-W37 Rucula HVW23-S,0,Length of bed: 8.91 m,,320,,plants,pl,HortasDoVale-West (HDVW) - bed 23 south section
1,19,,,2021-W37 Mizuna green HVW23-S,0,Length of bed: 2.67 m,,96,,plants,pl,HortasDoVale-West (HDVW) - bed 23 south section
1,19,,,2021-W37 Lettuce SGH2-N,0,Length of bed: 5.34 m,,42,,plants,pl,Summer Green House (SGH) - bed 2 north section
1,19,,,2021-W37 Lettuce HVW04-S,0,Length of bed: 15.1 m,,271,,plants,pl,HortasDoVale-West (HDVW) - bed 4 south section
1,19,,,2021-W37 Lettuce HVW04-N,0,Length of bed: 8.02 m,,144,,plants,pl,HortasDoVale-West (HDVW) - bed 4 north section
1,19,,,2021-W37 Kolrabi HVW04-S,0,Length of bed: 28.5 m,,128,,plants,pl,HortasDoVale-West (HDVW) - bed 4 south section
1,19,,,2021-W37 Kolrabi HVW04-N,0,Length of bed: 8.02 m,,36,,plants,pl,HortasDoVale-West (HDVW) - bed 4 north section
1,12,,,2021-W36 Turnip HVW10-S,0,Length of bed: 14.3 m,,1859,,plants,pl,HortasDoVale-West (HDVW) - bed 10 south section
1,12,,,2021-W36 Swiss chard HVW15-S,0,Length of bed: 16 m,,144,,plants,pl,HortasDoVale-West (HDVW) - bed 15 south section
1,12,,,2021-W36 Pack choi WGH4,0,Length of bed: 1.51 m,,27,,plants,pl,Winter Green House - bed 4
1,12,,,2021-W36 Lettuce WGH4,0,Length of bed: 1.96 m,,35,,plants,pl,Winter Green House - bed 4
1,12,,,2021-W36 Leek HVE26-N,0,Length of bed: 23.2 m,,928,,plants,pl,HortasDoVale-East (HDVE) - bed 26 north section
1,12,,,2021-W36 Green cabbage HVW04-S,0,Length of bed: 11.6 m,,52,,plants,pl,HortasDoVale-West (HDVW) - bed 4 south section
1,12,,,2021-W36 Green cabbage HVW04-N,0,Length of bed: 8.02 m,,36,,plants,pl,HortasDoVale-West (HDVW) - bed 4 north section
1,12,,,2021-W36 Green beans dwarf normal HVE26-S,0,Length of bed: 23.2 m,,116,,plants,pl,HortasDoVale-East (HDVE) - bed 26 south section
1,12,,,2021-W36 Fennel bulb HVW23-N,0,Length of bed: 9.8 m,,176,,plants,pl,HortasDoVale-West (HDVW) - bed 23 north section
1,12,,,2021-W36 Dill HVW15-S,0,Length of bed: 3.56 m,,64,,plants,pl,HortasDoVale-West (HDVW) - bed 15 south section
1,12,,,2021-W36 Coaulifower HVW04-S,0,Length of bed: 17.8 m,,80,,plants,pl,HortasDoVale-West (HDVW) - bed 4 south section
1,5,,,2021-W35 Spring onion HVE10,0,Length of bed: 55.2 m,,2208,,plants,pl,HortasDoVale-East (HDVE) - bed 10
1,5,,,2021-W35 Rucula SGH4-N,0,Length of bed: 1.78 m,,64,,plants,pl,Summer Green House (SGH) - bed 4 north section
1,5,,,2021-W35 Peppers WGH2,0,Length of bed: 7.13 m,,32,,plants,pl,Winter Green House - bed 2
1,5,,,2021-W35 Coriander SGH4-N,0,Length of bed: 4.45 m,,160,,plants,pl,Summer Green House (SGH) - bed 4 north section
1,5,,,2021-W35 Beetroot HVW09-N,0,Length of bed: 13.4 m,,241,,plants,pl,HortasDoVale-West (HDVW) - bed 9 north section
1,29,,,2021-W34 Zuccini HVW11-N,0,Length of bed: 13.4 m,,13,,plants,pl,HortasDoVale-West (HDVW) - bed 11 north section
1,29,,,2021-W34 Turnip greens HVE25-N,0,Length of bed: 13.4 m,,1742,,plants,pl,HortasDoVale-East (HDVE) - bed 25 north section
1,29,,,2021-W34 Tomatos varied WGH1,0,Length of bed: 22.3 m,,22,,plants,pl,Winter Green House - bed 1
1,29,,,2021-W34 Tomato roma WGH2,0,Length of bed: 15.1 m,,37,,plants,pl,Winter Green House - bed 2
1,29,,,2021-W34 Sprouting turnip HVE25-N,0,Length of bed: 13.4 m,,1742,,plants,pl,HortasDoVale-East (HDVE) - bed 25 north section
1,29,,,2021-W34 Rucula WGH4,0,Length of bed: 1.78 m,,64,,plants,pl,Winter Green House - bed 4
1,29,,,2021-W34 Rucula HVW23-N,0,Length of bed: 5.34 m,,192,,plants,pl,HortasDoVale-West (HDVW) - bed 23 north section
1,29,,,2021-W34 Radishes SGH3-S,0,Length of bed: 5.34 m,,801,,plants,pl,Summer Green House (SGH) - bed 3 south section
1,29,,,2021-W34 Pack choi WGH4,0,Length of bed: 5.34 m,,96,,plants,pl,Winter Green House - bed 4
1,29,,,2021-W34 Mizuna purple HVW23-N,0,Length of bed: 4.45 m,,160,,plants,pl,HortasDoVale-West (HDVW) - bed 23 north section
1,29,,,2021-W34 Mizuna green HVW23-N,0,Length of bed: 1.78 m,,64,,plants,pl,HortasDoVale-West (HDVW) - bed 23 north section
1,29,,,2021-W34 Lettuce SGH4-S,0,Length of bed: 9.8 m,,176,,plants,pl,Summer Green House (SGH) - bed 4 south section
1,29,,,2021-W34 Lettuce HVW13-N,0,Length of bed: 14.3 m,,257,,plants,pl,HortasDoVale-West (HDVW) - bed 13 north section
1,29,,,2021-W34 Leef cabbage HVW11-S,0,Length of bed: 19.6 m,,88,,plants,pl,HortasDoVale-West (HDVW) - bed 11 south section
1,29,,,2021-W34 Horse radish HVW10-S,0,Length of bed: 14.3 m,,2145,,plants,pl,HortasDoVale-West (HDVW) - bed 10 south section
1,29,,,2021-W34 Green peas HVW10-N,0,Length of bed: 14.3 m,,257,,plants,pl,HortasDoVale-West (HDVW) - bed 10 north section
1,29,,,2021-W34 Green pea pods HVW10-N,0,Length of bed: 14.3 m,,257,,plants,pl,HortasDoVale-West (HDVW) - bed 10 north section
1,29,,,2021-W34 Cucumber HVW11-N,0,Length of bed: 14.3 m,,64,,plants,pl,HortasDoVale-West (HDVW) - bed 11 north section
1,29,,,2021-W34 Brussel sprouts HVW11-S,0,Length of bed: 13.4 m,,60,,plants,pl,HortasDoVale-West (HDVW) - bed 11 south section
1,29,,,2021-W34 Beetroot HVW13-N,0,Length of bed: 12.5 m,,225,,plants,pl,HortasDoVale-West (HDVW) - bed 13 north section
1,22,,,2021-W33 Tomatos varied HVW03-N,0,Length of bed: 28.5 m,,28,,plants,pl,HortasDoVale-West (HDVW) - bed 3 north section
1,22,,,2021-W33 Hokkaido HVE27-S,0,Length of bed: 16.9 m,,16,,plants,pl,HortasDoVale-East (HDVE) - bed 27 south section
1,22,,,2021-W33 Hokkaido HVE27-N,0,Length of bed: 24.9 m,,24,,plants,pl,HortasDoVale-East (HDVE) - bed 27 north section
1,22,,,2021-W33 Coriander HVW23-N,0,Length of bed: 6.23 m,,224,,plants,pl,HortasDoVale-West (HDVW) - bed 23 north section
1,22,,,2021-W33 Butternut HVW09-S,0,Length of bed: 27.6 m,,27,,plants,pl,HortasDoVale-West (HDVW) - bed 9 south section
1,22,,,2021-W33 Butternut HVE27-S,0,Length of bed: 8.02 m,,8,,plants,pl,HortasDoVale-East (HDVE) - bed 27 south section
1,14,,,2021-W32 Leek HVE13-S,0,Length of bed: 27.6 m,,966,,plants,pl,HortasDoVale-East (HDVE) - bed 13 south section
1,14,,,2021-W32 Kolrabi HVW19,0,Length of bed: 57 m,,256,,plants,pl,HortasDoVale-West (HDVW) - bed 19
1,14,,,2021-W32 Green cabbage HVW19,0,Length of bed: 57 m,,256,,plants,pl,HortasDoVale-West (HDVW) - bed 19
1,14,,,2021-W32 Dinossaur kale HVW09-N,0,Length of bed: 18.7 m,,168,,plants,pl,HortasDoVale-West (HDVW) - bed 9 north section
1,14,,,2021-W32 Beetroot HVW01-S,0,Length of bed: 12.5 m,,87,,plants,pl,HortasDoVale-West (HDVW) - bed 1 south section
1,14,,,2021-W32 Beetroot HVW01-N,0,Length of bed: 28.5 m,,199,,plants,pl,HortasDoVale-West (HDVW) - bed 1 north section
1,14,,,2021-W32 Basil HVW01-S,0,Length of bed: 12.5 m,,56,,plants,pl,HortasDoVale-West (HDVW) - bed 1 south section
1,14,,,2021-W32 Basil HVW01-N,0,Length of bed: 28.5 m,,128,,plants,pl,HortasDoVale-West (HDVW) - bed 1 north section
1,8,,,2021-W31 Tomatos varied HVW01-S,0,Length of bed: 8.02 m,,8,,plants,pl,HortasDoVale-West (HDVW) - bed 1 south section
1,8,,,2021-W31 Tomatos varied HVW01-N,0,Length of bed: 17.8 m,,17,,plants,pl,HortasDoVale-West (HDVW) - bed 1 north section
1,8,,,2021-W31 Tomatos small HVW01-S,0,Length of bed: 4.45 m,,4,,plants,pl,HortasDoVale-West (HDVW) - bed 1 south section
1,8,,,2021-W31 Tomatos small HVW01-N,0,Length of bed: 10.7 m,,10,,plants,pl,HortasDoVale-West (HDVW) - bed 1 north section
1,8,,,2021-W31 Parsley HVW15-N,0,Length of bed: 5.34 m,,192,,plants,pl,HortasDoVale-West (HDVW) - bed 15 north section
1,8,,,2021-W31 Celery HVW15-N,0,Length of bed: 12.5 m,,225,,plants,pl,HortasDoVale-West (HDVW) - bed 15 north section
1,1,,,2021-W30 Lettuce HVW21,0,Length of bed: 57 m,,512,,plants,pl,HortasDoVale-West (HDVW) - bed 21
1,1,,,2021-W30 Broccoli HVW21,0,Length of bed: 57 m,,256,,plants,pl,HortasDoVale-West (HDVW) - bed 21
1,25,,,2021-W29 Zuccini HVW07-N,0,Length of bed: 19.6 m,,19,,plants,pl,HortasDoVale-West (HDVW) - bed 7 north section
1,25,,,2021-W29 Parsley SGH4-N,0,Length of bed: 4.45 m,,160,,plants,pl,Summer Green House (SGH) - bed 4 north section
1,25,,,2021-W29 Melon long HVW07-S,0,Length of bed: 28.5 m,,28,,plants,pl,HortasDoVale-West (HDVW) - bed 7 south section
1,25,,,2021-W29 Melon long HVE13-N,0,Length of bed: 27.6 m,,27,,plants,pl,HortasDoVale-East (HDVE) - bed 13 north section
1,25,,,2021-W29 Cucumber HVW07-N,0,Length of bed: 8.91 m,,40,,plants,pl,HortasDoVale-West (HDVW) - bed 7 north section
1,11,,,2021-W27 Swiss chard HVW13-N,0,Length of bed: 16.9 m,,152,,plants,pl,HortasDoVale-West (HDVW) - bed 13 north section
1,11,,,2021-W27 Spring onion HVW17,0,Length of bed: 57 m,,512,,plants,pl,HortasDoVale-West (HDVW) - bed 17
1,11,,,2021-W27 Salanova SGH2-N,0,Length of bed: 5.34 m,,96,,plants,pl,Summer Green House (SGH) - bed 2 north section
1,11,,,2021-W27 Rucula SGH3-N,0,Length of bed: 4.01 m,,144,,plants,pl,Summer Green House (SGH) - bed 3 north section
1,11,,,2021-W27 Parsley SGH3-N,0,Length of bed: 4.45 m,,160,,plants,pl,Summer Green House (SGH) - bed 3 north section
1,11,,,2021-W27 Cucumber HVW01-S,0,Length of bed: 5.34 m,,24,,plants,pl,HortasDoVale-West (HDVW) - bed 1 south section
1,11,,,2021-W27 Celery SGH3-N,0,Length of bed: 6.23 m,,112,,plants,pl,Summer Green House (SGH) - bed 3 north section
1,11,,,2021-W27 Celery HVW01-S,0,Length of bed: 10.7 m,,48,,plants,pl,HortasDoVale-West (HDVW) - bed 1 south section
1,4,,,2021-W26 Sweet potato HVE04-S,0,Length of bed: 27.6 m,,124,,plants,pl,HortasDoVale-East (HDVE) - bed 4 south section
1,27,,,2021-W25 Sweet corn HVE18,0,Length of bed: 55.2 m,,440,,plants,pl,HortasDoVale-East (HDVE) - bed 18
1,27,,,2021-W25 Parsley WGH3,0,Length of bed: 6.23 m,,224,,plants,pl,Winter Green House - bed 3
1,27,,,2021-W25 Green beans dwarf round pod HVE18-S,0,Length of bed: 27.6 m,,110,,plants,pl,HortasDoVale-East (HDVE) - bed 18 south section
1,27,,,2021-W25 Green beans dwarf normal HVE18-N,0,Length of bed: 27.6 m,,110,,plants,pl,HortasDoVale-East (HDVE) - bed 18 north section
1,27,,,2021-W25 Green beans climber HVE16,0,Length of bed: 55.2 m,,220,,plants,pl,HortasDoVale-East (HDVE) - bed 16
1,27,,,2021-W25 Beetroot HVW08-N,0,Length of bed: 16.9 m,,118,,plants,pl,HortasDoVale-West (HDVW) - bed 8 north section
1,20,,,2021-W24 Sweet potato HVE04-N,0,Length of bed: 27.6 m,,124,,plants,pl,HortasDoVale-East (HDVE) - bed 4 north section
1,20,,,2021-W24 Rucula WGH3,0,Length of bed: 16 m,,576,,plants,pl,Winter Green House - bed 3
1,20,,,2021-W24 Peppers HVW20-N,0,Length of bed: 28.5 m,,128,,plants,pl,HortasDoVale-West (HDVW) - bed 20 north section
1,20,,,2021-W24 Peppers HVW05-S,0,Length of bed: 13.4 m,,60,,plants,pl,HortasDoVale-West (HDVW) - bed 5 south section
1,20,,,2021-W24 Padron peppers HVW20-S,0,Length of bed: 14.3 m,,64,,plants,pl,HortasDoVale-West (HDVW) - bed 20 south section
1,20,,,2021-W24 Mizuna purple WGH3,0,Length of bed: 2.67 m,,96,,plants,pl,Winter Green House - bed 3
1,20,,,2021-W24 Mizuna green WGH3,0,Length of bed: 2.67 m,,96,,plants,pl,Winter Green House - bed 3
1,20,,,2021-W24 Hot peppers HVW20-S,0,Length of bed: 18.7 m,,84,,plants,pl,HortasDoVale-West (HDVW) - bed 20 south section
1,20,,,2021-W24 Celery HVW05-S,0,Length of bed: 13.4 m,,90,,plants,pl,HortasDoVale-West (HDVW) - bed 5 south section
1,13,,,2021-W23 Zuccini HVW05-S,0,Length of bed: 7.13 m,,7,,plants,pl,HortasDoVale-West (HDVW) - bed 5 south section
1,13,,,2021-W23 Zuccini HVW05-N,0,Length of bed: 28.5 m,,28,,plants,pl,HortasDoVale-West (HDVW) - bed 5 north section
1,13,,,2021-W23 Watermelon HVE07-S,0,Length of bed: 27.6 m,,27,,plants,pl,HortasDoVale-East (HDVE) - bed 7 south section
1,13,,,2021-W23 Watermelon HVE05-S,0,Length of bed: 27.6 m,,27,,plants,pl,HortasDoVale-East (HDVE) - bed 5 south section
1,13,,,2021-W23 Melon round HVE07-N,0,Length of bed: 27.6 m,,27,,plants,pl,HortasDoVale-East (HDVE) - bed 7 north section
1,13,,,2021-W23 Melon round HVE05-N,0,Length of bed: 27.6 m,,27,,plants,pl,HortasDoVale-East (HDVE) - bed 5 north section
1,13,,,2021-W23 Cucumber HVW05-S,0,Length of bed: 8.91 m,,40,,plants,pl,HortasDoVale-West (HDVW) - bed 5 south section
1,6,,,2021-W22 Sweet corn HVE16,0,Length of bed: 55.2 m,,440,,plants,pl,HortasDoVale-East (HDVE) - bed 16
1,6,,,2021-W22 Celery HVW08-S,0,Length of bed: 28.5 m,,128,,plants,pl,HortasDoVale-West (HDVW) - bed 8 south section
1,6,,,2021-W22 Celery HVW08-N,0,Length of bed: 11.6 m,,52,,plants,pl,HortasDoVale-West (HDVW) - bed 8 north section
1,6,,,2021-W22 Carrot HVE02,0,Length of bed: 55.2 m,,11040,,plants,pl,HortasDoVale-East (HDVE) - bed 2
1,6,,,2021-W22 Basil HVW08-S,0,Length of bed: 28.5 m,,128,,plants,pl,HortasDoVale-West (HDVW) - bed 8 south section
1,30,,,2021-W21 Turnip HVW16-S,0,Length of bed: 28.5 m,,3705,,plants,pl,HortasDoVale-West (HDVW) - bed 16 south section
1,30,,,2021-W21 Tomatos varied HVW08,0,Length of bed: 57 m,,56,,plants,pl,HortasDoVale-West (HDVW) - bed 8
1,30,,,2021-W21 Tomato roma HVW16-N,0,Length of bed: 28.5 m,,71,,plants,pl,HortasDoVale-West (HDVW) - bed 16 north section
1,30,,,2021-W21 Basil HVW08-N,0,Length of bed: 28.5 m,,128,,plants,pl,HortasDoVale-West (HDVW) - bed 8 north section
1,30,,,2021-W21 Aubergine HVW17,0,Length of bed: 57 m,,256,,plants,pl,HortasDoVale-West (HDVW) - bed 17
1,23,,,2021-W20 Zuccini HVE06-S,0,Length of bed: 16 m,,12,,plants,pl,HortasDoVale-East (HDVE) - bed 6 south section
1,23,,,2021-W20 Zuccini HVE06-N,0,Length of bed: 27.6 m,,22,,plants,pl,HortasDoVale-East (HDVE) - bed 6 north section
1,23,,,2021-W20 Cucumber HVE06-S,0,Length of bed: 11.6 m,,52,,plants,pl,HortasDoVale-East (HDVE) - bed 6 south section
1,23,,,2021-W20 Carrot HVE01,0,Length of bed: 55.2 m,,11040,,plants,pl,HortasDoVale-East (HDVE) - bed 1
1,16,,,2021-W19 Turnip HVW13-S,0,Length of bed: 18.7 m,,2431,,plants,pl,HortasDoVale-West (HDVW) - bed 13 south section
1,16,,,2021-W19 Swiss chard SGH2-S,0,Length of bed: 10.7 m,,96,,plants,pl,Summer Green House (SGH) - bed 2 south section
1,16,,,2021-W19 Swiss chard SGH1-S,0,Length of bed: 10.7 m,,96,,plants,pl,Summer Green House (SGH) - bed 1 south section
1,25,,,2021-W16 Moscade Pumpkin HVE17,0,Length of bed: 55.2 m,,54,,plants,pl,HortasDoVale-East (HDVE) - bed 17
1,25,,,2021-W16 Moscade Pumpkin HVE15,0,Length of bed: 55.2 m,,54,,plants,pl,HortasDoVale-East (HDVE) - bed 15
1,25,,,2021-W16 Dinossaur kale SGH1-N,0,Length of bed: 16 m,,144,,plants,pl,Summer Green House (SGH) - bed 1 north section
1,25,,,2021-W16 Beetroot HVW03,0,Length of bed: 57 m,,398,,plants,pl,HortasDoVale-West (HDVW) - bed 3
1,25,,,2021-W16 Basil HVW03,0,Length of bed: 57 m,,256,,plants,pl,HortasDoVale-West (HDVW) - bed 3
1,18,,,2021-W15 Tomatos varied HVW03,0,Length of bed: 35.6 m,,34,,plants,pl,HortasDoVale-West (HDVW) - bed 3
1,18,,,2021-W15 Tomatos small HVW03,0,Length of bed: 21.4 m,,20,,plants,pl,HortasDoVale-West (HDVW) - bed 3
1,18,,,2021-W15 Aubergine HVW14,0,Length of bed: 57 m,,256,,plants,pl,HortasDoVale-West (HDVW) - bed 14
1,11,,,2021-W14 Tomatos varied WGH6,0,Length of bed: 11.6 m,,11,,plants,pl,Winter Green House - bed 6
1,11,,,2021-W14 Tomatos small WGH6,0,Length of bed: 10.7 m,,10,,plants,pl,Winter Green House - bed 6
1,11,,,2021-W14 Tomato roma WGH6,0,Length of bed: 22.3 m,,22,,plants,pl,Winter Green House - bed 6
1,11,,,2021-W14 N.Z. Spinaches WGH6,0,Length of bed: 2.67 m,,21,,plants,pl,Winter Green House - bed 6
1,4,,,2021-W13 Watermelon HVE12-S,0,Length of bed: 27.6 m,,27,,plants,pl,HortasDoVale-East (HDVE) - bed 12 south section
1,4,,,2021-W13 Tomatos varied WGH1,0,Length of bed: 13.4 m,,13,,plants,pl,Winter Green House - bed 1
1,4,,,2021-W13 Tomatos small WGH1,0,Length of bed: 8.91 m,,8,,plants,pl,Winter Green House - bed 1
1,4,,,2021-W13 Melon long HVE12-N,0,Length of bed: 27.6 m,,27,,plants,pl,HortasDoVale-East (HDVE) - bed 12 north section
1,4,,,2021-W13 Leek HVE23,0,Length of bed: 55.2 m,,2208,,plants,pl,HortasDoVale-East (HDVE) - bed 23
1,14,,,2021-W10 Zuccini WGH5,0,Length of bed: 22.3 m,,22,,plants,pl,Winter Green House - bed 5
1,14,,,2021-W10 Chives SGH3-S,0,Length of bed: 4.45 m,,80,,plants,pl,Summer Green House (SGH) - bed 3 south section
1,28,,,2021-W08 Parsley SGH2-N,0,Length of bed: 4.45 m,,160,,plants,pl,Summer Green House (SGH) - bed 2 north section
1,31,,,2021-W04 Strawberry HVW25,0,Length of bed: 57 m,,426,,plants,pl,HortasDoVale-West (HDVW) - bed 25
1,31,,,2021-W04 Strawberry HVW24,0,Length of bed: 57 m,,426,,plants,pl,HortasDoVale-West (HDVW) - bed 24
1,#N/A,,,2020-0 Swiss chard Autumn HVW04-N,0,Length of bed: 20.5 m,,184,,plants,pl,HortasDoVale-West (HDVW) - bed 4 north section