Name,Description,Crop/variety,Season,length FB,Nr plants FB,Area/Location
2020-49 Swiss chard Autumn HVW04-N,Length (m): 20.5; Nr of plants: 184,Swiss chard Autumn,AUTUMN,20.5,184,HortasDoVale-West (HDVW) - bed 4 north section
2021-W04 Strawberry HVW24,Length (m): 57; Nr of plants: 426,Strawberry,WINTER,57,426,HortasDoVale-West (HDVW) - bed 24
2021-W04 Strawberry HVW25,Length (m): 57; Nr of plants: 426,Strawberry,WINTER,57,426,HortasDoVale-West (HDVW) - bed 25
2021-W10 Chives SGH3-S,Length (m): 4.45; Nr of plants: 71,Chives,WINTER,4.45,71,Summer Green House (SGH) - bed 3 south section
2021-W10 Zucchini WGH5,Length (m): 22.3; Nr of plants: 22,Zucchini,WINTER,22.3,22,Winter Green House - bed 5
2021-W13 Leek HVE23,Length (m): 55.2; Nr of plants: 1766,Leek,SPRING,55.2,1766,HortasDoVale-East (HDVE) - bed 23
2021-W13 Melon long HVE12-N,Length (m): 27.6; Nr of plants: 27,Melon long,SPRING,27.6,27,HortasDoVale-East (HDVE) - bed 12 north section
2021-W13 Tomatoes small WGH1,Length (m): 8.91; Nr of plants: 8,Tomatoes small,SPRING,8.91,8,Winter Green House - bed 1
2021-W13 Tomatoes varied WGH1,Length (m): 13.4; Nr of plants: 13,Tomatoes varied,SPRING,13.4,13,Winter Green House - bed 1
2021-W13 Watermelon HVE12-S,Length (m): 27.6; Nr of plants: 27,Watermelon,SPRING,27.6,27,HortasDoVale-East (HDVE) - bed 12 south section
2021-W14 N.Z. Spinaches WGH6,Length (m): 2.67; Nr of plants: 21,N.Z. Spinaches,SPRING,2.67,21,Winter Green House - bed 6
2021-W14 Tomato roma WGH6,Length (m): 22.3; Nr of plants: 22,Tomato roma,SPRING,22.3,22,Winter Green House - bed 6
2021-W14 Tomatoes small WGH6,Length (m): 10.7; Nr of plants: 10,Tomatoes small,SPRING,10.7,10,Winter Green House - bed 6
2021-W14 Tomatoes varied WGH6,Length (m): 11.6; Nr of plants: 11,Tomatoes varied,SPRING,11.6,11,Winter Green House - bed 6
2021-W15 Aubergine HVW14,Length (m): 57; Nr of plants: 256,Aubergine,SPRING,57,256,HortasDoVale-West (HDVW) - bed 14
2021-W15 Tomatoes small HVW03,Length (m): 21.4; Nr of plants: 20,Tomatoes small,SPRING,21.4,20,HortasDoVale-West (HDVW) - bed 3
2021-W15 Tomatoes varied HVW03,Length (m): 35.6; Nr of plants: 34,Tomatoes varied,SPRING,35.6,34,HortasDoVale-West (HDVW) - bed 3
2021-W16 Basil HVW03,Length (m): 57; Nr of plants: 256,Basil,SPRING,57,256,HortasDoVale-West (HDVW) - bed 3
2021-W16 Beetroot HVW03,Length (m): 57; Nr of plants: 398,Beetroot,SPRING,57,398,HortasDoVale-West (HDVW) - bed 3
2021-W16 Dinosaur kale SGH1-N,Length (m): 16; Nr of plants: 144,Dinosaur kale,SPRING,16,144,Summer Green House (SGH) - bed 1 north section
2021-W16 Muscade Pumpkin HVE15,Length (m): 55.2; Nr of plants: 54,Muscade Pumpkin,SPRING,55.2,54,HortasDoVale-East (HDVE) - bed 15
2021-W16 Muscade Pumpkin HVE17,Length (m): 55.2; Nr of plants: 54,Muscade Pumpkin,SPRING,55.2,54,HortasDoVale-East (HDVE) - bed 17
2021-W19 Swiss chard SGH1-S,Length (m): 10.7; Nr of plants: 96,Swiss chard,SPRING,10.7,96,Summer Green House (SGH) - bed 1 south section
2021-W19 Swiss chard SGH2-S,Length (m): 10.7; Nr of plants: 96,Swiss chard,SPRING,10.7,96,Summer Green House (SGH) - bed 2 south section
2021-W19 Turnip HVW13-S,Length (m): 18.7; Nr of plants: 2431,Turnip,SPRING,18.7,2431,HortasDoVale-West (HDVW) - bed 13 south section
2021-W20 Carrot HVE01,Length (m): 55.2; Nr of plants: 11040,Carrot,SPRING,55.2,11040,HortasDoVale-East (HDVE) - bed 1
2021-W20 Cucumber HVE06-S,Length (m): 11.6; Nr of plants: 52,Cucumber,SPRING,11.6,52,HortasDoVale-East (HDVE) - bed 6 south section
2021-W20 Zucchini HVE06-N,Length (m): 27.6; Nr of plants: 22,Zucchini,SPRING,27.6,22,HortasDoVale-East (HDVE) - bed 6 north section
2021-W20 Zucchini HVE06-S,Length (m): 16; Nr of plants: 12,Zucchini,SPRING,16,12,HortasDoVale-East (HDVE) - bed 6 south section
2021-W21 Aubergine HVW17,Length (m): 57; Nr of plants: 256,Aubergine,SPRING,57,256,HortasDoVale-West (HDVW) - bed 17
2021-W21 Basil HVW08-N,Length (m): 28.5; Nr of plants: 128,Basil,SPRING,28.5,128,HortasDoVale-West (HDVW) - bed 8 north section
2021-W21 Tomato roma HVW16-N,Length (m): 28.5; Nr of plants: 71,Tomato roma,SPRING,28.5,71,HortasDoVale-West (HDVW) - bed 16 north section
2021-W21 Tomatoes varied HVW08,Length (m): 57; Nr of plants: 56,Tomatoes varied,SPRING,57,56,HortasDoVale-West (HDVW) - bed 8
2021-W21 Turnip HVW16-S,Length (m): 28.5; Nr of plants: 3705,Turnip,SPRING,28.5,3705,HortasDoVale-West (HDVW) - bed 16 south section
2021-W22 Basil HVW08-S,Length (m): 28.5; Nr of plants: 128,Basil,SPRING,28.5,128,HortasDoVale-West (HDVW) - bed 8 south section
2021-W22 Carrot HVE02,Length (m): 55.2; Nr of plants: 11040,Carrot,SPRING,55.2,11040,HortasDoVale-East (HDVE) - bed 2
2021-W22 Celery HVW08-N,Length (m): 11.6; Nr of plants: 52,Celery,SPRING,11.6,52,HortasDoVale-West (HDVW) - bed 8 north section
2021-W22 Celery HVW08-S,Length (m): 28.5; Nr of plants: 128,Celery,SPRING,28.5,128,HortasDoVale-West (HDVW) - bed 8 south section
2021-W22 Sweet corn HVE16,Length (m): 55.2; Nr of plants: 440,Sweet corn,SPRING,55.2,440,HortasDoVale-East (HDVE) - bed 16
2021-W23 Cucumber HVW05-S,Length (m): 8.91; Nr of plants: 40,Cucumber,SPRING,8.91,40,HortasDoVale-West (HDVW) - bed 5 south section
2021-W23 Melon round HVE05-N,Length (m): 27.6; Nr of plants: 27,Melon round,SPRING,27.6,27,HortasDoVale-East (HDVE) - bed 5 north section
2021-W23 Melon round HVE07-N,Length (m): 27.6; Nr of plants: 27,Melon round,SPRING,27.6,27,HortasDoVale-East (HDVE) - bed 7 north section
2021-W23 Watermelon HVE05-S,Length (m): 27.6; Nr of plants: 27,Watermelon,SPRING,27.6,27,HortasDoVale-East (HDVE) - bed 5 south section
2021-W23 Watermelon HVE07-S,Length (m): 27.6; Nr of plants: 27,Watermelon,SPRING,27.6,27,HortasDoVale-East (HDVE) - bed 7 south section
2021-W23 Zucchini HVW05-N,Length (m): 28.5; Nr of plants: 28,Zucchini,SPRING,28.5,28,HortasDoVale-West (HDVW) - bed 5 north section
2021-W23 Zucchini HVW05-S,Length (m): 7.13; Nr of plants: 7,Zucchini,SPRING,7.13,7,HortasDoVale-West (HDVW) - bed 5 south section
2021-W24 Celery HVW05-S,Length (m): 13.4; Nr of plants: 90,Celery,SUMMER,13.4,90,HortasDoVale-West (HDVW) - bed 5 south section
2021-W24 Hot peppers HVW20-S,Length (m): 18.7; Nr of plants: 84,Hot peppers,SUMMER,18.7,84,HortasDoVale-West (HDVW) - bed 20 south section
2021-W24 Mizuna green WGH3,Length (m): 2.67; Nr of plants: 85,Mizuna green,SUMMER,2.67,85,Winter Green House - bed 3
2021-W24 Mizuna purple WGH3,Length (m): 2.67; Nr of plants: 85,Mizuna purple,SUMMER,2.67,85,Winter Green House - bed 3
2021-W24 Padron peppers HVW20-S,Length (m): 14.3; Nr of plants: 64,Padron peppers,SUMMER,14.3,64,HortasDoVale-West (HDVW) - bed 20 south section
2021-W24 Peppers HVW05-S,Length (m): 13.4; Nr of plants: 60,Peppers,SUMMER,13.4,60,HortasDoVale-West (HDVW) - bed 5 south section
2021-W24 Peppers HVW20-N,Length (m): 28.5; Nr of plants: 128,Peppers,SUMMER,28.5,128,HortasDoVale-West (HDVW) - bed 20 north section
2021-W24 Rucula WGH3,Length (m): 16; Nr of plants: 512,Rucula,SUMMER,16,512,Winter Green House - bed 3
2021-W24 Sweet potato HVE04-N,Length (m): 27.6; Nr of plants: 124,Sweet potato,SUMMER,27.6,124,HortasDoVale-East (HDVE) - bed 4 north section
2021-W25 Beetroot HVW08-N,Length (m): 16.9; Nr of plants: 118,Beetroot,SUMMER,16.9,118,HortasDoVale-West (HDVW) - bed 8 north section
2021-W25 Green beans climber HVE16,Length (m): 55.2; Nr of plants: 220,Green beans climber,SUMMER,55.2,220,HortasDoVale-East (HDVE) - bed 16
2021-W25 Green beans dwarf normal HVE18-N,Length (m): 27.6; Nr of plants: 110,Green beans dwarf normal,SUMMER,27.6,110,HortasDoVale-East (HDVE) - bed 18 north section
2021-W25 Green beans dwarf round pod HVE18-S,Length (m): 27.6; Nr of plants: 110,Green beans dwarf round pod,SUMMER,27.6,110,HortasDoVale-East (HDVE) - bed 18 south section
2021-W25 Parsley WGH3,Length (m): 6.23; Nr of plants: 199,Parsley,SUMMER,6.23,199,Winter Green House - bed 3
2021-W25 Sweet corn HVE18,Length (m): 55.2; Nr of plants: 440,Sweet corn,SUMMER,55.2,440,HortasDoVale-East (HDVE) - bed 18
2021-W26 Sweet potato HVE04-S,Length (m): 27.6; Nr of plants: 124,Sweet potato,SUMMER,27.6,124,HortasDoVale-East (HDVE) - bed 4 south section
2021-W27 Celery HVW01-S,Length (m): 10.7; Nr of plants: 48,Celery,SUMMER,10.7,48,HortasDoVale-West (HDVW) - bed 1 south section
2021-W27 Celery SGH3-N,Length (m): 6.23; Nr of plants: 99,Celery,SUMMER,6.23,99,Summer Green House (SGH) - bed 3 north section
2021-W27 Cucumber HVW01-S,Length (m): 5.34; Nr of plants: 24,Cucumber,SUMMER,5.34,24,HortasDoVale-West (HDVW) - bed 1 south section
2021-W27 Parsley SGH3-N,Length (m): 4.45; Nr of plants: 142,Parsley,SUMMER,4.45,142,Summer Green House (SGH) - bed 3 north section
2021-W27 Rucula SGH3-N,Length (m): 4.01; Nr of plants: 128,Rucula,SUMMER,4.01,128,Summer Green House (SGH) - bed 3 north section
2021-W27 Salanova SGH2-N,Length (m): 5.34; Nr of plants: 85,Salanova,SUMMER,5.34,85,Summer Green House (SGH) - bed 2 north section
2021-W27 Spring onion HVW17,Length (m): 57; Nr of plants: 512,Spring onion,SUMMER,57,512,HortasDoVale-West (HDVW) - bed 17
2021-W27 Swiss chard HVW13-N,Length (m): 16.9; Nr of plants: 152,Swiss chard,SUMMER,16.9,152,HortasDoVale-West (HDVW) - bed 13 north section
2021-W29 Cucumber HVW07-N,Length (m): 8.91; Nr of plants: 40,Cucumber,SUMMER,8.91,40,HortasDoVale-West (HDVW) - bed 7 north section
2021-W29 Melon long HVE13-N,Length (m): 27.6; Nr of plants: 27,Melon long,SUMMER,27.6,27,HortasDoVale-East (HDVE) - bed 13 north section
2021-W29 Melon long HVW07-S,Length (m): 28.5; Nr of plants: 28,Melon long,SUMMER,28.5,28,HortasDoVale-West (HDVW) - bed 7 south section
2021-W29 Parsley SGH4-N,Length (m): 4.45; Nr of plants: 142,Parsley,SUMMER,4.45,142,Summer Green House (SGH) - bed 4 north section
2021-W29 Zucchini HVW07-N,Length (m): 19.6; Nr of plants: 19,Zucchini,SUMMER,19.6,19,HortasDoVale-West (HDVW) - bed 7 north section
2021-W30 Broccoli HVW21,Length (m): 57; Nr of plants: 256,Broccoli,SUMMER,57,256,HortasDoVale-West (HDVW) - bed 21
2021-W30 Lettuce HVW21,Length (m): 57; Nr of plants: 512,Lettuce,SUMMER,57,512,HortasDoVale-West (HDVW) - bed 21
2021-W31 Celery HVW15-N,Length (m): 12.5; Nr of plants: 200,Celery,SUMMER,12.5,200,HortasDoVale-West (HDVW) - bed 15 north section
2021-W31 Parsley HVW15-N,Length (m): 5.34; Nr of plants: 170,Parsley,SUMMER,5.34,170,HortasDoVale-West (HDVW) - bed 15 north section
2021-W31 Tomatoes small HVW01-N,Length (m): 10.7; Nr of plants: 10,Tomatoes small,SUMMER,10.7,10,HortasDoVale-West (HDVW) - bed 1 north section
2021-W31 Tomatoes small HVW01-S,Length (m): 4.45; Nr of plants: 4,Tomatoes small,SUMMER,4.45,4,HortasDoVale-West (HDVW) - bed 1 south section
2021-W31 Tomatoes varied HVW01-N,Length (m): 17.8; Nr of plants: 17,Tomatoes varied,SUMMER,17.8,17,HortasDoVale-West (HDVW) - bed 1 north section
2021-W31 Tomatoes varied HVW01-S,Length (m): 8.02; Nr of plants: 8,Tomatoes varied,SUMMER,8.02,8,HortasDoVale-West (HDVW) - bed 1 south section
2021-W32 Basil HVW01-N,Length (m): 28.5; Nr of plants: 128,Basil,SUMMER,28.5,128,HortasDoVale-West (HDVW) - bed 1 north section
2021-W32 Basil HVW01-S,Length (m): 12.5; Nr of plants: 56,Basil,SUMMER,12.5,56,HortasDoVale-West (HDVW) - bed 1 south section
2021-W32 Beetroot HVW01-N,Length (m): 28.5; Nr of plants: 199,Beetroot,SUMMER,28.5,199,HortasDoVale-West (HDVW) - bed 1 north section
2021-W32 Beetroot HVW01-S,Length (m): 12.5; Nr of plants: 87,Beetroot,SUMMER,12.5,87,HortasDoVale-West (HDVW) - bed 1 south section
2021-W32 Dinosaur kale HVW09-N,Length (m): 18.7; Nr of plants: 168,Dinosaur kale,SUMMER,18.7,168,HortasDoVale-West (HDVW) - bed 9 north section
2021-W32 Green cabbage HVW19,Length (m): 57; Nr of plants: 256,Green cabbage,SUMMER,57,256,HortasDoVale-West (HDVW) - bed 19
2021-W32 Kolrabi HVW19,Length (m): 57; Nr of plants: 256,Kolrabi,SUMMER,57,256,HortasDoVale-West (HDVW) - bed 19
2021-W32 Leek HVE13-S,Length (m): 27.6; Nr of plants: 883,Leek,SUMMER,27.6,883,HortasDoVale-East (HDVE) - bed 13 south section
2021-W33 Butternut squash HVE27-S,Length (m): 8.02; Nr of plants: 8,Butternut squash,SUMMER,8.02,8,HortasDoVale-East (HDVE) - bed 27 south section
2021-W33 Butternut squash HVW09-S,Length (m): 27.6; Nr of plants: 27,Butternut squash,SUMMER,27.6,27,HortasDoVale-West (HDVW) - bed 9 south section
2021-W33 Coriander HVW23-N,Length (m): 6.23; Nr of plants: 199,Coriander,SUMMER,6.23,199,HortasDoVale-West (HDVW) - bed 23 north section
2021-W33 Hokkaido squash HVE27-N,Length (m): 24.9; Nr of plants: 24,Hokkaido squash,SUMMER,24.9,24,HortasDoVale-East (HDVE) - bed 27 north section
2021-W33 Hokkaido squash HVE27-S,Length (m): 16.9; Nr of plants: 16,Hokkaido squash,SUMMER,16.9,16,HortasDoVale-East (HDVE) - bed 27 south section
2021-W33 Tomatoes varied HVW03-N,Length (m): 28.5; Nr of plants: 28,Tomatoes varied,SUMMER,28.5,28,HortasDoVale-West (HDVW) - bed 3 north section
2021-W34 Beetroot HVW13-N,Length (m): 12.5; Nr of plants: 200,Beetroot,SUMMER,12.5,200,HortasDoVale-West (HDVW) - bed 13 north section
2021-W34 Brussels sprouts HVW11-S,Length (m): 13.4; Nr of plants: 60,Brussels sprouts,SUMMER,13.4,60,HortasDoVale-West (HDVW) - bed 11 south section
2021-W34 Cucumber HVW11-N,Length (m): 14.3; Nr of plants: 64,Cucumber,SUMMER,14.3,64,HortasDoVale-West (HDVW) - bed 11 north section
2021-W34 Green pea pods HVW10-N,Length (m): 14.3; Nr of plants: 257,Green pea pods,SUMMER,14.3,257,HortasDoVale-West (HDVW) - bed 10 north section
2021-W34 Green peas HVW10-N,Length (m): 14.3; Nr of plants: 257,Green peas,SUMMER,14.3,257,HortasDoVale-West (HDVW) - bed 10 north section
2021-W34 Horseradish HVW10-S,Length (m): 14.3; Nr of plants: 2145,Horseradish,SUMMER,14.3,2145,HortasDoVale-West (HDVW) - bed 10 south section
2021-W34 Leef cabbage HVW11-S,Length (m): 19.6; Nr of plants: 88,Leef cabbage,SUMMER,19.6,88,HortasDoVale-West (HDVW) - bed 11 south section
2021-W34 Lettuce HVW13-N,Length (m): 14.3; Nr of plants: 228,Lettuce,SUMMER,14.3,228,HortasDoVale-West (HDVW) - bed 13 north section
2021-W34 Lettuce SGH4-S,Length (m): 9.8; Nr of plants: 156,Lettuce,SUMMER,9.8,156,Summer Green House (SGH) - bed 4 south section
2021-W34 Mizuna green HVW23-N,Length (m): 1.78; Nr of plants: 56,Mizuna green,SUMMER,1.78,56,HortasDoVale-West (HDVW) - bed 23 north section
2021-W34 Mizuna purple HVW23-N,Length (m): 4.45; Nr of plants: 142,Mizuna purple,SUMMER,4.45,142,HortasDoVale-West (HDVW) - bed 23 north section
2021-W34 Pack choi WGH4,Length (m): 5.34; Nr of plants: 85,Pack choi,SUMMER,5.34,85,Winter Green House - bed 4
2021-W34 Radishes SGH3-S,Length (m): 5.34; Nr of plants: 801,Radishes,SUMMER,5.34,801,Summer Green House (SGH) - bed 3 south section
2021-W34 Rapini HVE25-N,Length (m): 13.4; Nr of plants: 1742,Rapini,SUMMER,13.4,1742,HortasDoVale-East (HDVE) - bed 25 north section
2021-W34 Rucula HVW23-N,Length (m): 5.34; Nr of plants: 170,Rucula,SUMMER,5.34,170,HortasDoVale-West (HDVW) - bed 23 north section
2021-W34 Rucula WGH4,Length (m): 1.78; Nr of plants: 56,Rucula,SUMMER,1.78,56,Winter Green House - bed 4
2021-W34 Tomato roma WGH2,Length (m): 15.1; Nr of plants: 37,Tomato roma,SUMMER,15.1,37,Winter Green House - bed 2
2021-W34 Tomatoes varied WGH1,Length (m): 22.3; Nr of plants: 22,Tomatoes varied,SUMMER,22.3,22,Winter Green House - bed 1
2021-W34 Turnip greens HVE25-N,Length (m): 13.4; Nr of plants: 1742,Turnip greens,SUMMER,13.4,1742,HortasDoVale-East (HDVE) - bed 25 north section
2021-W34 Zucchini HVW11-N,Length (m): 13.4; Nr of plants: 13,Zucchini,SUMMER,13.4,13,HortasDoVale-West (HDVW) - bed 11 north section
2021-W35 Beetroot HVW09-N,Length (m): 13.4; Nr of plants: 214,Beetroot,SUMMER,13.4,214,HortasDoVale-West (HDVW) - bed 9 north section
2021-W35 Coriander SGH4-N,Length (m): 4.45; Nr of plants: 142,Coriander,SUMMER,4.45,142,Summer Green House (SGH) - bed 4 north section
2021-W35 Peppers WGH2,Length (m): 7.13; Nr of plants: 32,Peppers,SUMMER,7.13,32,Winter Green House - bed 2
2021-W35 Rucula SGH4-N,Length (m): 1.78; Nr of plants: 56,Rucula,SUMMER,1.78,56,Summer Green House (SGH) - bed 4 north section
2021-W35 Spring onion HVE10,Length (m): 55.2; Nr of plants: 1766,Spring onion,SUMMER,55.2,1766,HortasDoVale-East (HDVE) - bed 10
2021-W36 Cauliflower HVW04-S,Length (m): 17.8; Nr of plants: 80,Cauliflower,SUMMER,17.8,80,HortasDoVale-West (HDVW) - bed 4 south section
2021-W36 Dill HVW15-S,Length (m): 3.56; Nr of plants: 56,Dill,SUMMER,3.56,56,HortasDoVale-West (HDVW) - bed 15 south section
2021-W36 Fennel bulb HVW23-N,Length (m): 9.8; Nr of plants: 156,Fennel bulb,SUMMER,9.8,156,HortasDoVale-West (HDVW) - bed 23 north section
2021-W36 Green beans dwarf normal HVE26-S,Length (m): 23.2; Nr of plants: 116,Green beans dwarf normal,SUMMER,23.2,116,HortasDoVale-East (HDVE) - bed 26 south section
2021-W36 Green cabbage HVW04-N,Length (m): 8.02; Nr of plants: 36,Green cabbage,SUMMER,8.02,36,HortasDoVale-West (HDVW) - bed 4 north section
2021-W36 Green cabbage HVW04-S,Length (m): 11.6; Nr of plants: 52,Green cabbage,SUMMER,11.6,52,HortasDoVale-West (HDVW) - bed 4 south section
2021-W36 Leek HVE26-N,Length (m): 23.2; Nr of plants: 742,Leek,SUMMER,23.2,742,HortasDoVale-East (HDVE) - bed 26 north section
2021-W36 Lettuce WGH4,Length (m): 1.96; Nr of plants: 31,Lettuce,SUMMER,1.96,31,Winter Green House - bed 4
2021-W36 Pack choi WGH4,Length (m): 1.51; Nr of plants: 24,Pack choi,SUMMER,1.51,24,Winter Green House - bed 4
2021-W36 Swiss chard HVW15-S,Length (m): 16; Nr of plants: 144,Swiss chard,SUMMER,16,144,HortasDoVale-West (HDVW) - bed 15 south section
2021-W36 Turnip HVW10-S,Length (m): 14.3; Nr of plants: 1859,Turnip,SUMMER,14.3,1859,HortasDoVale-West (HDVW) - bed 10 south section
2021-W37 Kolrabi HVW04-N,Length (m): 8.02; Nr of plants: 36,Kolrabi,AUTUMN,8.02,36,HortasDoVale-West (HDVW) - bed 4 north section
2021-W37 Kolrabi HVW04-S,Length (m): 28.5; Nr of plants: 128,Kolrabi,AUTUMN,28.5,128,HortasDoVale-West (HDVW) - bed 4 south section
2021-W37 Lettuce HVW04-N,Length (m): 8.02; Nr of plants: 128,Lettuce,AUTUMN,8.02,128,HortasDoVale-West (HDVW) - bed 4 north section
2021-W37 Lettuce HVW04-S,Length (m): 15.1; Nr of plants: 241,Lettuce,AUTUMN,15.1,241,HortasDoVale-West (HDVW) - bed 4 south section
2021-W37 Lettuce SGH2-N,Length (m): 5.34; Nr of plants: 42,Lettuce,AUTUMN,5.34,42,Summer Green House (SGH) - bed 2 north section
2021-W37 Mizuna green HVW23-S,Length (m): 2.67; Nr of plants: 85,Mizuna green,AUTUMN,2.67,85,HortasDoVale-West (HDVW) - bed 23 south section
2021-W37 Rucula HVW23-S,Length (m): 8.91; Nr of plants: 285,Rucula,AUTUMN,8.91,285,HortasDoVale-West (HDVW) - bed 23 south section
2021-W37 Spinaches HVW23-S,Length (m): 2.67; Nr of plants: 85,Spinaches,AUTUMN,2.67,85,HortasDoVale-West (HDVW) - bed 23 south section
2021-W38 Carrot HVE03,Length (m): 55.2; Nr of plants: 11040,Carrot,AUTUMN,55.2,11040,HortasDoVale-East (HDVE) - bed 3
2021-W38 N.Z. Spinaches HVW23-S,Length (m): 10.7; Nr of plants: 96,N.Z. Spinaches,AUTUMN,10.7,96,HortasDoVale-West (HDVW) - bed 23 south section
2021-W38 Rapini HVE25-S,Length (m): 13.4; Nr of plants: 1742,Rapini,AUTUMN,13.4,1742,HortasDoVale-East (HDVE) - bed 25 south section
2021-W38 Rucula SGH2-N,Length (m): 5.34; Nr of plants: 170,Rucula,AUTUMN,5.34,170,Summer Green House (SGH) - bed 2 north section
2021-W38 Spring onion HVE01,Length (m): 55.2; Nr of plants: 220,Spring onion,AUTUMN,55.2,220,HortasDoVale-East (HDVE) - bed 1
2021-W38 Spring onion HVE09-N,Length (m): 24.9; Nr of plants: 796,Spring onion,AUTUMN,24.9,796,HortasDoVale-East (HDVE) - bed 9 north section
2021-W38 Turnip greens HVE25-S,Length (m): 13.4; Nr of plants: 1742,Turnip greens,AUTUMN,13.4,1742,HortasDoVale-East (HDVE) - bed 25 south section
2021-W39 Beetroot HVW16,Length (m): 29; Nr of plants: 144,Beetroot,AUTUMN,29,144,HortasDoVale-West (HDVW) - bed 16
2021-W39 Broccoli HVW16-N,Length (m): 14.5; Nr of plants: 65,Broccoli,AUTUMN,14.5,65,HortasDoVale-West (HDVW) - bed 16 north section
2021-W39 Broccoli HVW16-S,Length (m): 28.5; Nr of plants: 128,Broccoli,AUTUMN,28.5,128,HortasDoVale-West (HDVW) - bed 16 south section
2021-W39 Curly kale HVW16-N,Length (m): 3.12; Nr of plants: 28,Curly kale,AUTUMN,3.12,28,HortasDoVale-West (HDVW) - bed 16 north section
2021-W39 Dinosaur kale HVW16-N,Length (m): 6.41; Nr of plants: 51,Dinosaur kale,AUTUMN,6.41,51,HortasDoVale-West (HDVW) - bed 16 north section
2021-W39 Galega kale HVW16-N,Length (m): 4.45; Nr of plants: 35,Galega kale,AUTUMN,4.45,35,HortasDoVale-West (HDVW) - bed 16 north section
2021-W39 Leek HVE09-S,Length (m): 16; Nr of plants: 480,Leek,AUTUMN,16,480,HortasDoVale-East (HDVE) - bed 9 south section
2021-W39 Radishes WGH7,Length (m): 9.8; Nr of plants: 1470,Radishes,AUTUMN,9.8,1470,Winter Green House - bed 7
2021-W39 Salanova SGH4-N,Length (m): 7.13; Nr of plants: 114,Salanova,AUTUMN,7.13,114,Summer Green House (SGH) - bed 4 north section
2021-W39 Turnip HVW18-S,Length (m): 28.5; Nr of plants: 3705,Turnip,AUTUMN,28.5,3705,HortasDoVale-West (HDVW) - bed 18 south section
2021-W41 Cucumber WGH4,Length (m): 7.13; Nr of plants: 32,Cucumber,AUTUMN,7.13,32,Winter Green House - bed 4
2021-W41 Potato HVE08,Length (m): 55.2; Nr of plants: 276,Potato,AUTUMN,55.2,276,HortasDoVale-East (HDVE) - bed 8
2021-W41 Spinaches HVW15-S,Length (m): 8.02; Nr of plants: 128,Spinaches,AUTUMN,8.02,128,HortasDoVale-West (HDVW) - bed 15 south section
2021-W41 Zucchini WGH3,Length (m): 15.1; Nr of plants: 12,Zucchini,AUTUMN,15.1,12,Winter Green House - bed 3
2021-W41 Zucchini WGH4,Length (m): 22.3; Nr of plants: 17,Zucchini,AUTUMN,22.3,17,Winter Green House - bed 4
2021-W42 Beetroot HVE11-N,Length (m): 28.5; Nr of plants: 199,Beetroot,AUTUMN,28.5,199,HortasDoVale-East (HDVE) - bed 11 north section
2021-W42 Beetroot HVE11-S,Length (m): 28.5; Nr of plants: 199,Beetroot,AUTUMN,28.5,199,HortasDoVale-East (HDVE) - bed 11 south section
2021-W42 Broccoli HVE11-N,Length (m): 28.5; Nr of plants: 128,Broccoli,AUTUMN,28.5,128,HortasDoVale-East (HDVE) - bed 11 north section
2021-W42 Cauliflower HVE11-S,Length (m): 16; Nr of plants: 72,Cauliflower,AUTUMN,16,72,HortasDoVale-East (HDVE) - bed 11 south section
2021-W42 Green cabbage HVE11-S,Length (m): 8.91; Nr of plants: 40,Green cabbage,AUTUMN,8.91,40,HortasDoVale-East (HDVE) - bed 11 south section
2021-W42 Lambs lettuce HVW15-S,Length (m): 2.4; Nr of plants: 76,Lambs lettuce,AUTUMN,2.4,76,HortasDoVale-West (HDVW) - bed 15 south section
2021-W43 Broad beans HVE14-N,Length (m): 27.6; Nr of plants: 165,Broad beans,AUTUMN,27.6,165,HortasDoVale-East (HDVE) - bed 14 north section
2021-W43 Cauliflower HVW18-N,Length (m): 14.3; Nr of plants: 64,Cauliflower,AUTUMN,14.3,64,HortasDoVale-West (HDVW) - bed 18 north section
2021-W43 Green cabbage HVW18-N,Length (m): 13.4; Nr of plants: 90,Green cabbage,AUTUMN,13.4,90,HortasDoVale-West (HDVW) - bed 18 north section
2021-W43 Green pea pods HVE14-S,Length (m): 14.3; Nr of plants: 257,Green pea pods,AUTUMN,14.3,257,HortasDoVale-East (HDVE) - bed 14 south section
2021-W43 Green peas HVE14-S,Length (m): 14.3; Nr of plants: 257,Green peas,AUTUMN,14.3,257,HortasDoVale-East (HDVE) - bed 14 south section
2021-W43 Horseradish HVE12-N,Length (m): 6.23; Nr of plants: 809,Horseradish,AUTUMN,6.23,809,HortasDoVale-East (HDVE) - bed 12 north section
2021-W43 Kolrabi HVW18-N,Length (m): 28.5; Nr of plants: 128,Kolrabi,AUTUMN,28.5,128,HortasDoVale-West (HDVW) - bed 18 north section
2021-W43 Lettuce HVE11-N,Length (m): 28.5; Nr of plants: 64,Lettuce,AUTUMN,28.5,64,HortasDoVale-East (HDVE) - bed 11 north section
2021-W43 Lettuce HVE11-S,Length (m): 28.5; Nr of plants: 64,Lettuce,AUTUMN,28.5,64,HortasDoVale-East (HDVE) - bed 11 south section
2021-W43 Lettuce HVW18-N,Length (m): 28.5; Nr of plants: 128,Lettuce,AUTUMN,28.5,128,HortasDoVale-West (HDVW) - bed 18 north section
2021-W43 Radishes HVE13-N,Length (m): 9.8; Nr of plants:,Radishes,AUTUMN,9.8,,HortasDoVale-East (HDVE) - bed 13 north section
2021-W43 Rapini HVE12-N,Length (m): 8.02; Nr of plants: 962,Rapini,AUTUMN,8.02,962,HortasDoVale-East (HDVE) - bed 12 north section
2021-W43 Spinaches HVE12-N,Length (m): 4.76; Nr of plants: 152,Spinaches,AUTUMN,4.76,152,HortasDoVale-East (HDVE) - bed 12 north section
2021-W43 Turnip greens HVE12-N,Length (m): 8.02; Nr of plants: 962,Turnip greens,AUTUMN,8.02,962,HortasDoVale-East (HDVE) - bed 12 north section
2021-W43 Turnip HVE13-N,Length (m): 18.7; Nr of plants: 2244,Turnip,AUTUMN,18.7,2244,HortasDoVale-East (HDVE) - bed 13 north section
2021-W44 Coriander SGH2-N,Length (m): 4.36; Nr of plants: 139,Coriander,AUTUMN,4.36,139,Summer Green House (SGH) - bed 2 north section
2021-W44 Mizuna green SGH2-N,Length (m): 2.67; Nr of plants: 85,Mizuna green,AUTUMN,2.67,85,Summer Green House (SGH) - bed 2 north section
2021-W44 Pack choi WGH5,Length (m): 15.1; Nr of plants: 241,Pack choi,AUTUMN,15.1,241,Winter Green House - bed 5
2021-W45 Chinese cabbage SGH1-N,Length (m): 16; Nr of plants: 144,Chinese cabbage,AUTUMN,16,144,Summer Green House (SGH) - bed 1 north section
2021-W45 Lettuce HVW15-S,Length (m): 5.34; Nr of plants: 85,Lettuce,AUTUMN,5.34,85,HortasDoVale-West (HDVW) - bed 15 south section
2021-W45 Parsley SGH3-S,Length (m): 5.34; Nr of plants: 170,Parsley,AUTUMN,5.34,170,Summer Green House (SGH) - bed 3 south section
2021-W46 Coriander SGH3-S,Length (m): 2.67; Nr of plants: 85,Coriander,AUTUMN,2.67,85,Summer Green House (SGH) - bed 3 south section
2021-W46 Coriander WGH3,Length (m): 7.39; Nr of plants: 236,Coriander,AUTUMN,7.39,236,Winter Green House - bed 3
2021-W46 Garlic HVE18-N,Length (m): 27.6; Nr of plants: 883,Garlic,AUTUMN,27.6,883,HortasDoVale-East (HDVE) - bed 18 north section
2021-W46 Leek HVE09-S,Length (m): 3.56; Nr of plants: 106,Leek,AUTUMN,3.56,106,HortasDoVale-East (HDVE) - bed 9 south section
2021-W46 Leek HVE18-S,Length (m): 27.6; Nr of plants: 828,Leek,AUTUMN,27.6,828,HortasDoVale-East (HDVE) - bed 18 south section
2021-W46 Mizuna green HVE16-N,Length (m): 4.45; Nr of plants: 142,Mizuna green,AUTUMN,4.45,142,HortasDoVale-East (HDVE) - bed 16 north section
2021-W46 Mizuna purple HVE16-N,Length (m): 4.45; Nr of plants: 142,Mizuna purple,AUTUMN,4.45,142,HortasDoVale-East (HDVE) - bed 16 north section
2021-W46 Rucula HVE16-N,Length (m): 5.34; Nr of plants: 170,Rucula,AUTUMN,5.34,170,HortasDoVale-East (HDVE) - bed 16 north section
2021-W46 Spinaches HVE12-S,Length (m): 4.76; Nr of plants: 152,Spinaches,AUTUMN,4.76,152,HortasDoVale-East (HDVE) - bed 12 south section
2021-W47 Carrot WGH7,Length (m): 9.8; Nr of plants: 1470,Carrot,AUTUMN,9.8,1470,Winter Green House - bed 7
2021-W47 Carrot WGH8,Length (m): 9.8; Nr of plants: 1960,Carrot,AUTUMN,9.8,1960,Winter Green House - bed 8
2021-W47 Lambs lettuce HVE16-N,Length (m): 8.91; Nr of plants: 285,Lambs lettuce,AUTUMN,8.91,285,HortasDoVale-East (HDVE) - bed 16 north section
2021-W47 Lettuce WGH6,Length (m): 8.02; Nr of plants: 128,Lettuce,AUTUMN,8.02,128,Winter Green House - bed 6
2021-W47 Salanova WGH6,Length (m): 8.02; Nr of plants: 128,Salanova,AUTUMN,8.02,128,Winter Green House - bed 6
2021-W47 Spinaches HVE16-S,Length (m): 17.8; Nr of plants: 569,Spinaches,AUTUMN,17.8,569,HortasDoVale-East (HDVE) - bed 16 south section
2021-W48 Broad beans HVE17,Length (m): 55.2; Nr of plants: 330,Broad beans,AUTUMN,55.2,330,HortasDoVale-East (HDVE) - bed 17
2021-W48 Horseradish HVE15-N,Length (m): 13.4; Nr of plants: 2010,Horseradish,AUTUMN,13.4,2010,HortasDoVale-East (HDVE) - bed 15 north section
2021-W48 N.Z. Spinaches HVE23-N,Length (m): 14.8; Nr of plants: 133,N.Z. Spinaches,AUTUMN,14.8,133,HortasDoVale-East (HDVE) - bed 23 north section
2021-W48 Radishes HVE15-N,Length (m): 10.7; Nr of plants: 1605,Radishes,AUTUMN,10.7,1605,HortasDoVale-East (HDVE) - bed 15 north section
2021-W48 Rapini HVE12-S,Length (m): 9.53; Nr of plants: 1143,Rapini,AUTUMN,9.53,1143,HortasDoVale-East (HDVE) - bed 12 south section
2021-W48 Turnip greens HVE12-S,Length (m): 9.53; Nr of plants: 1143,Turnip greens,AUTUMN,9.53,1143,HortasDoVale-East (HDVE) - bed 12 south section
2021-W49 Strawberry HVE05,Length (m): 55.2; Nr of plants: 414,Strawberry,AUTUMN,55.2,414,HortasDoVale-East (HDVE) - bed 5
2021-W49 Strawberry HVE06,Length (m): 55.2; Nr of plants: 414,Strawberry,AUTUMN,55.2,414,HortasDoVale-East (HDVE) - bed 6
2021-W49 Strawberry HVE07,Length (m): 55.2; Nr of plants: 414,Strawberry,AUTUMN,55.2,414,HortasDoVale-East (HDVE) - bed 7
2021-W50 Celery SGH4-S,Length (m): 5.34; Nr of plants: 85,Celery,WINTER,5.34,85,Summer Green House (SGH) - bed 4 south section
2021-W50 Garlic HVE15-S,Length (m): 14.3; Nr of plants: 457,Garlic,WINTER,14.3,457,HortasDoVale-East (HDVE) - bed 15 south section
2021-W50 Lettuce SGH4-S,Length (m): 4.45; Nr of plants: 71,Lettuce,WINTER,4.45,71,Summer Green House (SGH) - bed 4 south section
2021-W50 Strawberry HVW24,Length (m): 57; Nr of plants: 144,Strawberry,WINTER,57,144,HortasDoVale-West (HDVW) - bed 24
2021-W50 Strawberry HVW25,Length (m): 57; Nr of plants: 156,Strawberry,WINTER,57,156,HortasDoVale-West (HDVW) - bed 25
2021-W52 Celery HVE23-N,Length (m): 19.6; Nr of plants: 313,Celery,WINTER,19.6,313,HortasDoVale-East (HDVE) - bed 23 north section
2022-W01 Chinese cabbage HVE24-S,Length (m): 19.6; Nr of plants: 156,Chinese cabbage,WINTER,19.6,156,HortasDoVale-East (HDVE) - bed 24 south section
2022-W01 Dill HVE24-N,Length (m): 5.34; Nr of plants: 85,Dill,WINTER,5.34,85,HortasDoVale-East (HDVE) - bed 24 north section
2022-W01 Land cress HVE24-N,Length (m): 3.56; Nr of plants: 113,Land cress,WINTER,3.56,113,HortasDoVale-East (HDVE) - bed 24 north section
2022-W01 Lettuce HVE23-N,Length (m): 6.23; Nr of plants: 99,Lettuce,WINTER,6.23,99,HortasDoVale-East (HDVE) - bed 23 north section
2022-W01 Lettuce HVE23-S,Length (m): 13.4; Nr of plants: 214,Lettuce,WINTER,13.4,214,HortasDoVale-East (HDVE) - bed 23 south section
2022-W01 Lettuce HVE24-S,Length (m): 8.91; Nr of plants: 142,Lettuce,WINTER,8.91,142,HortasDoVale-East (HDVE) - bed 24 south section
2022-W01 Pack choi HVE23-S,Length (m): 19.6; Nr of plants: 313,Pack choi,WINTER,19.6,313,HortasDoVale-East (HDVE) - bed 23 south section
2022-W01 Parsley HVE24-N,Length (m): 8.91; Nr of plants: 285,Parsley,WINTER,8.91,285,HortasDoVale-East (HDVE) - bed 24 north section
2022-W01 Radishes SGH4-N,Length (m): 8.02; Nr of plants: 962,Radishes,WINTER,8.02,962,Summer Green House (SGH) - bed 4 north section
2022-W01 Salanova HVE24-N,Length (m): 11.6; Nr of plants: 185,Salanova,WINTER,11.6,185,HortasDoVale-East (HDVE) - bed 24 north section
2022-W01 Salanova HVE24-S,Length (m): 4.45; Nr of plants: 71,Salanova,WINTER,4.45,71,HortasDoVale-East (HDVE) - bed 24 south section
2022-W02 Lettuce SGH3-N,Length (m): 8.02; Nr of plants: 128,Lettuce,WINTER,8.02,128,Summer Green House (SGH) - bed 3 north section
2022-W02 Onion HVE01,Length (m): 55.2; Nr of plants: 1766,Onion,WINTER,55.2,1766,HortasDoVale-East (HDVE) - bed 1
2022-W02 Onion HVE02,Length (m): 55.2; Nr of plants: 1766,Onion,WINTER,55.2,1766,HortasDoVale-East (HDVE) - bed 2
2022-W03 Garlic HVE15-S,Length (m): 28.5; Nr of plants: 912,Garlic,WINTER,28.5,912,HortasDoVale-East (HDVE) - bed 15 south section
2022-W03 Garlic HVE26-S,Length (m): 28.5; Nr of plants: 912,Garlic,WINTER,28.5,912,HortasDoVale-East (HDVE) - bed 26 south section
2022-W04 Aubergine WGH7,Length (m): 10.7; Nr of plants: 48,Aubergine,WINTER,10.7,48,Winter Green House - bed 7
2022-W04 Aubergine WGH8,Length (m): 9.8; Nr of plants: 44,Aubergine,WINTER,9.8,44,Winter Green House - bed 8
2022-W04 Beetroot HVE16-S,Length (m): 23.2; Nr of plants: 371,Beetroot,WINTER,23.2,371,HortasDoVale-East (HDVE) - bed 16 south section
2022-W04 Carrot WGH5,Length (m): 21.4; Nr of plants: 4280,Carrot,WINTER,21.4,4280,Winter Green House - bed 5
2022-W04 Lettuce HVE13-S,Length (m): 12.5; Nr of plants: 200,Lettuce,WINTER,12.5,200,HortasDoVale-East (HDVE) - bed 13 south section
2022-W04 Potato HVE19,Length (m): 55.2; Nr of plants: 276,Potato,WINTER,55.2,276,HortasDoVale-East (HDVE) - bed 19
2022-W04 Potato HVE20,Length (m): 55.2; Nr of plants: 276,Potato,WINTER,55.2,276,HortasDoVale-East (HDVE) - bed 20
2022-W04 Radishes WGH5,Length (m): 2.67; Nr of plants: 400,Radishes,WINTER,2.67,400,Winter Green House - bed 5
2022-W04 Spinaches HVE13-S,Length (m): 16; Nr of plants: 512,Spinaches,WINTER,16,512,HortasDoVale-East (HDVE) - bed 13 south section
2022-W05 Beetroot HVE21-N,Length (m): 25.8; Nr of plants: 180,Beetroot,WINTER,25.8,180,HortasDoVale-East (HDVE) - bed 21 north section
2022-W05 Chinese cabbage HVE21-S,Length (m): 9.8; Nr of plants: 78,Chinese cabbage,WINTER,9.8,78,HortasDoVale-East (HDVE) - bed 21 south section
2022-W05 Green cabbage HVE21-N,Length (m): 25.8; Nr of plants: 116,Green cabbage,WINTER,25.8,116,HortasDoVale-East (HDVE) - bed 21 north section
2022-W05 Kolrabi HVE21-N,Length (m): 25.8; Nr of plants: 116,Kolrabi,WINTER,25.8,116,HortasDoVale-East (HDVE) - bed 21 north section
2022-W05 Lambs lettuce HVE21-S,Length (m): 8.91; Nr of plants: 285,Lambs lettuce,WINTER,8.91,285,HortasDoVale-East (HDVE) - bed 21 south section
2022-W05 Mizuna green HVE21-S,Length (m): 5.34; Nr of plants: 170,Mizuna green,WINTER,5.34,170,HortasDoVale-East (HDVE) - bed 21 south section
2022-W06 Coriander HVE23-S,Length (m): 10.7; Nr of plants: 342,Coriander,WINTER,10.7,342,HortasDoVale-East (HDVE) - bed 23 south section
2022-W06 Green cabbage HVE27,Length (m): 49.8; Nr of plants: 224,Green cabbage,WINTER,49.8,224,HortasDoVale-East (HDVE) - bed 27
2022-W06 Horseradish HVE22-S,Length (m): 13; Nr of plants: 1950,Horseradish,WINTER,13,1950,HortasDoVale-East (HDVE) - bed 22 south section
2022-W06 Kolrabi HVE27,Length (m): 49.8; Nr of plants: 224,Kolrabi,WINTER,49.8,224,HortasDoVale-East (HDVE) - bed 27
2022-W06 Radishes HVE22-S,Length (m): 13; Nr of plants: 1950,Radishes,WINTER,13,1950,HortasDoVale-East (HDVE) - bed 22 south section
2022-W06 Rapini HVE22-N,Length (m): 18; Nr of plants: 2700,Rapini,WINTER,18,2700,HortasDoVale-East (HDVE) - bed 22 north section
2022-W06 Turnip greens HVE22-N,Length (m): 9; Nr of plants: 1350,Turnip greens,WINTER,9,1350,HortasDoVale-East (HDVE) - bed 22 north section
2022-W07 Lettuce HVE27,Length (m): 49.8; Nr of plants: 248,Lettuce,WINTER,49.8,248,HortasDoVale-East (HDVE) - bed 27
2022-W07 Purple cabbage HVE27-S,Length (m): 5.34; Nr of plants: 24,Purple cabbage,WINTER,5.34,24,HortasDoVale-East (HDVE) - bed 27 south section
2022-W07 Rucula HVE21-S,Length (m): 8.91; Nr of plants: 285,Rucula,WINTER,8.91,285,HortasDoVale-East (HDVE) - bed 21 south section
2022-W08 Broccoli HVW04,Length (m): 57; Nr of plants: 256,Broccoli,WINTER,57,256,HortasDoVale-West (HDVW) - bed 4
2022-W08 Curly kale HVE14-S,Length (m): 12.5; Nr of plants: 112,Curly kale,WINTER,12.5,112,HortasDoVale-East (HDVE) - bed 14 south section
2022-W08 Dinosaur kale HVE14-S,Length (m): 16; Nr of plants: 144,Dinosaur kale,WINTER,16,144,HortasDoVale-East (HDVE) - bed 14 south section
2022-W08 Green cabbage HVW14-S,Length (m): 26.7; Nr of plants: 120,Green cabbage,WINTER,26.7,120,HortasDoVale-West (HDVW) - bed 14 south section
2022-W08 Parsley SGH2-N,Length (m): 4.45; Nr of plants: 142,Parsley,WINTER,4.45,142,Summer Green House (SGH) - bed 2 north section
2022-W08 Parsley SGH4-N,Length (m): 4.45; Nr of plants: 142,Parsley,WINTER,4.45,142,Summer Green House (SGH) - bed 4 north section
2022-W08 Purple cabbage HVW14-N,Length (m): 31.2; Nr of plants: 140,Purple cabbage,WINTER,31.2,140,HortasDoVale-West (HDVW) - bed 14 north section
2022-W09 Beetroot HVW04,Length (m): 57; Nr of plants: 256,Beetroot,WINTER,57,256,HortasDoVale-West (HDVW) - bed 4
2022-W09 Beetroot HVW14,Length (m): 57; Nr of plants: 256,Beetroot,WINTER,57,256,HortasDoVale-West (HDVW) - bed 14
2022-W09 Cucumber WGH1,Length (m): 9.35; Nr of plants: 32,Cucumber,WINTER,9.35,32,Winter Green House - bed 1
2022-W09 Lettuce HVW04,Length (m): 57; Nr of plants: 256,Lettuce,WINTER,57,256,HortasDoVale-West (HDVW) - bed 4
2022-W09 Spinaches HVE08-S,Length (m): 29.4; Nr of plants: 940,Spinaches,WINTER,29.4,940,HortasDoVale-East (HDVE) - bed 8 south section
2022-W09 Spring onion HVE08-N,Length (m): 18.7; Nr of plants: 598,Spring onion,WINTER,18.7,598,HortasDoVale-East (HDVE) - bed 8 north section
2022-W09 Tomatoes small WGH6,Length (m): 9.8; Nr of plants: 13,Tomatoes small,WINTER,9.8,13,Winter Green House - bed 6
2022-W09 Tomatoes varied WGH4,Length (m): 21.4; Nr of plants: 42,Tomatoes varied,WINTER,21.4,42,Winter Green House - bed 4
2022-W09 Tomatoes varied WGH6,Length (m): 9.8; Nr of plants: 13,Tomatoes varied,WINTER,9.8,13,Winter Green House - bed 6
2022-W09 Zucchini WGH1,Length (m): 12; Nr of plants: 15,Zucchini,WINTER,12,15,Winter Green House - bed 1
2022-W09 Zucchini WGH2,Length (m): 21.4; Nr of plants: 28,Zucchini,WINTER,21.4,28,Winter Green House - bed 2
2022-W10 Cauliflower HVE26-N,Length (m): 24.9; Nr of plants: 112,Cauliflower,WINTER,24.9,112,HortasDoVale-East (HDVE) - bed 26 north section
2022-W10 Celery SGH1-N,Length (m): 16; Nr of plants: 256,Celery,WINTER,16,256,Summer Green House (SGH) - bed 1 north section
2022-W10 Chinese cabbage HVE10-S,Length (m): 30.3; Nr of plants: 242,Chinese cabbage,WINTER,30.3,242,HortasDoVale-East (HDVE) - bed 10 south section
2022-W10 Lambs lettuce SGH4-S,Length (m): 7.13; Nr of plants: 228,Lambs lettuce,WINTER,7.13,228,Summer Green House (SGH) - bed 4 south section
2022-W10 Lettuce HVE26-N,Length (m): 24.9; Nr of plants: 174,Lettuce,WINTER,24.9,174,HortasDoVale-East (HDVE) - bed 26 north section
2022-W10 Lettuce HVW14,Length (m): 57; Nr of plants: 256,Lettuce,WINTER,57,256,HortasDoVale-West (HDVW) - bed 14
2022-W10 Pack choi HVE22-N,Length (m): 27.6; Nr of plants: 441,Pack choi,WINTER,27.6,441,HortasDoVale-East (HDVE) - bed 22 north section
2022-W10 Radishes SGH3-S,Length (m): 6.23; Nr of plants: 934,Radishes,WINTER,6.23,934,Summer Green House (SGH) - bed 3 south section
2022-W10 Tomato roma HVW06,Length (m): 57; Nr of plants: 142,Tomato roma,WINTER,57,142,HortasDoVale-West (HDVW) - bed 6
2022-W10 Tomatoes small HVW06,Length (m): 33.8; Nr of plants: 84,Tomatoes small,WINTER,33.8,84,HortasDoVale-West (HDVW) - bed 6
2022-W10 Zucchini HVE23-S,Length (m): 8.91; Nr of plants: 11,Zucchini,WINTER,8.91,11,HortasDoVale-East (HDVE) - bed 23 south section
2022-W10 Zucchini HVE24-S,Length (m): 10.7; Nr of plants: 14,Zucchini,WINTER,10.7,14,HortasDoVale-East (HDVE) - bed 24 south section
2022-W11 Basil WGH4,Length (m): 21.4; Nr of plants: 64,Basil,SPRING,21.4,64,Winter Green House - bed 4
2022-W11 Basil WGH6,Length (m): 19.6; Nr of plants: 39,Basil,SPRING,19.6,39,Winter Green House - bed 6
2022-W11 Fennel bulb HVE08-N,Length (m): 8.91; Nr of plants: 356,Fennel bulb,SPRING,8.91,356,HortasDoVale-East (HDVE) - bed 8 north section
2022-W11 Lettuce HVW14,Length (m): 57; Nr of plants: 256,Lettuce,SPRING,57,256,HortasDoVale-West (HDVW) - bed 14
2022-W11 Mizuna purple SGH2-S,Length (m): 4.01; Nr of plants: 128,Mizuna purple,SPRING,4.01,128,Summer Green House (SGH) - bed 2 south section
2022-W11 N.Z. Spinaches SGH1-S,Length (m): 10.7; Nr of plants: 171,N.Z. Spinaches,SPRING,10.7,171,Summer Green House (SGH) - bed 1 south section
2022-W11 Rucula SGH2-S,Length (m): 6.68; Nr of plants: 213,Rucula,SPRING,6.68,213,Summer Green House (SGH) - bed 2 south section
2022-W11 Swiss chard HVW07-N,Length (m): 28.5; Nr of plants: 256,Swiss chard,SPRING,28.5,256,HortasDoVale-West (HDVW) - bed 7 north section
2022-W12 Beetroot HVW07-S,Length (m): 28.5; Nr of plants: 199,Beetroot,SPRING,28.5,199,HortasDoVale-West (HDVW) - bed 7 south section
2022-W12 Chives SGH3-N,Length (m): 8.02; Nr of plants: 128,Chives,SPRING,8.02,128,Summer Green House (SGH) - bed 3 north section
2022-W12 Hokkaido squash HVE25,Length (m): 53.4; Nr of plants: 52,Hokkaido squash,SPRING,53.4,52,HortasDoVale-East (HDVE) - bed 25
2022-W12 Lettuce HVW07-S,Length (m): 28.5; Nr of plants: 128,Lettuce,SPRING,28.5,128,HortasDoVale-West (HDVW) - bed 7 south section
2022-W13 Beetroot WGH3,Length (m): 9.35; Nr of plants: 149,Beetroot,SPRING,9.35,149,Winter Green House - bed 3
2022-W13 Cucumber WGH5,Length (m): 9.35; Nr of plants: 32,Cucumber,SPRING,9.35,32,Winter Green House - bed 5
2022-W13 Land cress SGH4-N,Length (m): 2.23; Nr of plants: 71,Land cress,SPRING,2.23,71,Summer Green House (SGH) - bed 4 north section
2022-W13 Melon long HVE09-S,Length (m): 14.3; Nr of plants: 14,Melon long,SPRING,14.3,14,HortasDoVale-East (HDVE) - bed 9 south section
2022-W13 Melon long HVE10-S,Length (m): 14.3; Nr of plants: 14,Melon long,SPRING,14.3,14,HortasDoVale-East (HDVE) - bed 10 south section
2022-W13 Melon round HVE09-S,Length (m): 14.3; Nr of plants: 14,Melon round,SPRING,14.3,14,HortasDoVale-East (HDVE) - bed 9 south section
2022-W13 Melon round HVE10-S,Length (m): 14.3; Nr of plants: 14,Melon round,SPRING,14.3,14,HortasDoVale-East (HDVE) - bed 10 south section
2022-W13 Muscade Pumpkin HVE12,Length (m): 55.2; Nr of plants: 54,Muscade Pumpkin,SPRING,55.2,54,HortasDoVale-East (HDVE) - bed 12
2022-W13 Potato HVE03,Length (m): 55.2; Nr of plants: 330,Potato,SPRING,55.2,330,HortasDoVale-East (HDVE) - bed 3
2022-W13 Radishes SGH2-N,Length (m): 8.02; Nr of plants: 1203,Radishes,SPRING,8.02,1203,Summer Green House (SGH) - bed 2 north section
2022-W13 Salanova WGH3,Length (m): 12; Nr of plants: 192,Salanova,SPRING,12,192,Winter Green House - bed 3
2022-W13 Watermelon HVE15-N,Length (m): 27.6; Nr of plants: 27,Watermelon,SPRING,27.6,27,HortasDoVale-East (HDVE) - bed 15 north section
2022-W13 Watermelon HVE16-N,Length (m): 27.6; Nr of plants: 27,Watermelon,SPRING,27.6,27,HortasDoVale-East (HDVE) - bed 16 north section
2022-W13 Zucchini WGH5,Length (m): 12; Nr of plants: 15,Zucchini,SPRING,12,15,Winter Green House - bed 5
2022-W14 Basil HVW08,Length (m): 57; Nr of plants: 56,Basil,SPRING,57,56,HortasDoVale-West (HDVW) - bed 8
2022-W14 Broccoli HVW07-S,Length (m): 28.5; Nr of plants: 128,Broccoli,SPRING,28.5,128,HortasDoVale-West (HDVW) - bed 7 south section
2022-W14 Coriander HVE13-S,Length (m): 2.67; Nr of plants: 85,Coriander,SPRING,2.67,85,HortasDoVale-East (HDVE) - bed 13 south section
2022-W14 Dill HVE24-S,Length (m): 6.23; Nr of plants: 99,Dill,SPRING,6.23,99,HortasDoVale-East (HDVE) - bed 24 south section
2022-W14 Fennel bulb HVE24-S,Length (m): 6.23; Nr of plants: 99,Fennel bulb,SPRING,6.23,99,HortasDoVale-East (HDVE) - bed 24 south section
2022-W14 Horseradish HVE18-N,Length (m): 8.91; Nr of plants: 1336,Horseradish,SPRING,8.91,1336,HortasDoVale-East (HDVE) - bed 18 north section
2022-W14 Kolrabi HVW03,Length (m): 57; Nr of plants: 256,Kolrabi,SPRING,57,256,HortasDoVale-West (HDVW) - bed 3
2022-W14 Lambs lettuce HVE13-S,Length (m): 5.34; Nr of plants: 170,Lambs lettuce,SPRING,5.34,170,HortasDoVale-East (HDVE) - bed 13 south section
2022-W14 Lettuce HVE09-S,Length (m): 28.5; Nr of plants: 128,Lettuce,SPRING,28.5,128,HortasDoVale-East (HDVE) - bed 9 south section
2022-W14 Lettuce HVE10-S,Length (m): 28.5; Nr of plants: 128,Lettuce,SPRING,28.5,128,HortasDoVale-East (HDVE) - bed 10 south section
2022-W14 Lettuce HVW08,Length (m): 28.6; Nr of plants: 128,Lettuce,SPRING,28.6,128,HortasDoVale-West (HDVW) - bed 8
2022-W14 Mizuna green HVE13-S,Length (m): 3.56; Nr of plants: 113,Mizuna green,SPRING,3.56,113,HortasDoVale-East (HDVE) - bed 13 south section
2022-W14 Mizuna purple HVE13-S,Length (m): 4.01; Nr of plants: 128,Mizuna purple,SPRING,4.01,128,HortasDoVale-East (HDVE) - bed 13 south section
2022-W14 Onion HVE11,Length (m): 57; Nr of plants: 1824,Onion,SPRING,57,1824,HortasDoVale-East (HDVE) - bed 11
2022-W14 Onion HVE11-S,Length (m): 28.5; Nr of plants: 912,Onion,SPRING,28.5,912,HortasDoVale-East (HDVE) - bed 11 south section
2022-W14 Pack choi HVE24,Length (m): 24; Nr of plants: 384,Pack choi,SPRING,24,384,HortasDoVale-East (HDVE) - bed 24
2022-W14 Rucula HVE23-N,Length (m): 8.02; Nr of plants: 256,Rucula,SPRING,8.02,256,HortasDoVale-East (HDVE) - bed 23 north section
2022-W14 Salanova HVW08-N,Length (m): 14.3; Nr of plants: 64,Salanova,SPRING,14.3,64,HortasDoVale-West (HDVW) - bed 8 north section
2022-W14 Spinaches HVE23-S,Length (m): 9.35; Nr of plants: 299,Spinaches,SPRING,9.35,299,HortasDoVale-East (HDVE) - bed 23 south section
2022-W14 Tomatoes varied HVW08,Length (m): 57; Nr of plants: 56,Tomatoes varied,SPRING,57,56,HortasDoVale-West (HDVW) - bed 8
2022-W15 Land cress HVE24-N,Length (m): 2.23; Nr of plants: 71,Land cress,SPRING,2.23,71,HortasDoVale-East (HDVE) - bed 24 north section
2022-W15 Leek HVE13-N,Length (m): 27.6; Nr of plants: 883,Leek,SPRING,27.6,883,HortasDoVale-East (HDVE) - bed 13 north section
2022-W16 Aubergine HVW03,Length (m): 57; Nr of plants: 152,Aubergine,SPRING,57,152,HortasDoVale-West (HDVW) - bed 3
2022-W16 Carrot HVE04,Length (m): 55.2; Nr of plants: 8280,Carrot,SPRING,55.2,8280,HortasDoVale-East (HDVE) - bed 4
2022-W16 Sweet corn HVW01,Length (m): 57; Nr of plants: 456,Sweet corn,SPRING,57,456,HortasDoVale-West (HDVW) - bed 1
2022-W16 Turnip HVE10-N,Length (m): 27.6; Nr of plants: 3588,Turnip,SPRING,27.6,3588,HortasDoVale-East (HDVE) - bed 10 north section
2022-W17 Cucumber HVW11-N,Length (m): 11.6; Nr of plants: 52,Cucumber,SPRING,11.6,52,HortasDoVale-West (HDVW) - bed 11 north section
2022-W17 Green beans dwarf normal HVW11-S,Length (m): 27.6; Nr of plants: 124,Green beans dwarf normal,SPRING,27.6,124,HortasDoVale-West (HDVW) - bed 11 south section
2022-W17 Hot peppers HVW12-S,Length (m): 8.91; Nr of plants: 22,Hot peppers,SPRING,8.91,22,HortasDoVale-West (HDVW) - bed 12 south section
2022-W17 Padron peppers HVW12-S,Length (m): 8.91; Nr of plants: 22,Padron peppers,SPRING,8.91,22,HortasDoVale-West (HDVW) - bed 12 south section
2022-W17 Peppers HVW10,Length (m): 28.6; Nr of plants: 70,Peppers,SPRING,28.6,70,HortasDoVale-West (HDVW) - bed 10
2022-W17 Peppers HVW12,Length (m): 28.6; Nr of plants: 70,Peppers,SPRING,28.6,70,HortasDoVale-West (HDVW) - bed 12
2022-W17 Tomato roma HVW10,Length (m): 21.4; Nr of plants: 52,Tomato roma,SPRING,21.4,52,HortasDoVale-West (HDVW) - bed 10
2022-W17 Tomato roma HVW12,Length (m): 21.4; Nr of plants: 52,Tomato roma,SPRING,21.4,52,HortasDoVale-West (HDVW) - bed 12
2022-W17 Tomatoes small HVW10,Length (m): 7.12; Nr of plants: 16,Tomatoes small,SPRING,7.12,16,HortasDoVale-West (HDVW) - bed 10
2022-W17 Tomatoes small HVW12,Length (m): 7.12; Nr of plants: 16,Tomatoes small,SPRING,7.12,16,HortasDoVale-West (HDVW) - bed 12
2022-W17 Zucchini HVW11-N,Length (m): 16; Nr of plants: 20,Zucchini,SPRING,16,20,HortasDoVale-West (HDVW) - bed 11 north section
2022-W18 Beetroot HVW02-N,Length (m): 18.3; Nr of plants: 292,Beetroot,SPRING,18.3,292,HortasDoVale-West (HDVW) - bed 2 north section
2022-W18 Celery HVW02-S,Length (m): 18.3; Nr of plants: 292,Celery,SPRING,18.3,292,HortasDoVale-West (HDVW) - bed 2 south section
2022-W18 Fennel bulb HVW02-N,Length (m): 9.35; Nr of plants: 149,Fennel bulb,SPRING,9.35,149,HortasDoVale-West (HDVW) - bed 2 north section
2022-W18 Lettuce HVW02-S,Length (m): 18.3; Nr of plants: 292,Lettuce,SPRING,18.3,292,HortasDoVale-West (HDVW) - bed 2 south section
2022-W18 Radishes SGH3-N,Length (m): 11.1; Nr of plants: 1332,Radishes,SPRING,11.1,1332,Summer Green House (SGH) - bed 3 north section
2022-W18 Spinaches HVE22-S,Length (m): 18.3; Nr of plants: 585,Spinaches,SPRING,18.3,585,HortasDoVale-East (HDVE) - bed 22 south section
2022-W19 Aubergine HVW05,Length (m): 57; Nr of plants: 170,Aubergine,SPRING,57,170,HortasDoVale-West (HDVW) - bed 5
2022-W19 Curly kale HVW13-S,Length (m): 13.9; Nr of plants: 125,Curly kale,SPRING,13.9,125,HortasDoVale-West (HDVW) - bed 13 south section
2022-W19 Dinosaur kale HVW13-S,Length (m): 13.9; Nr of plants: 125,Dinosaur kale,SPRING,13.9,125,HortasDoVale-West (HDVW) - bed 13 south section
2022-W19 Leek HVE13-S,Length (m): 8.02; Nr of plants: 256,Leek,SPRING,8.02,256,HortasDoVale-East (HDVE) - bed 13 south section
2022-W19 Lettuce SGH3-S,Length (m): 12; Nr of plants: 192,Lettuce,SPRING,12,192,Summer Green House (SGH) - bed 3 south section
2022-W19 Melon long HVW23-S,Length (m): 28.5; Nr of plants: 28,Melon long,SPRING,28.5,28,HortasDoVale-West (HDVW) - bed 23 south section
2022-W19 Melon round HVW23-N,Length (m): 28.5; Nr of plants: 28,Melon round,SPRING,28.5,28,HortasDoVale-West (HDVW) - bed 23 north section
2022-W19 Onion HVE21-S,Length (m): 26.7; Nr of plants: 854,Onion,SPRING,26.7,854,HortasDoVale-East (HDVE) - bed 21 south section
2022-W19 Onion HVE22-N,Length (m): 26.7; Nr of plants: 854,Onion,SPRING,26.7,854,HortasDoVale-East (HDVE) - bed 22 north section
2022-W19 Pack choi HVE22-S,Length (m): 9.35; Nr of plants: 149,Pack choi,SPRING,9.35,149,HortasDoVale-East (HDVE) - bed 22 south section
2022-W19 Rucula HVE23-S,Length (m): 4.45; Nr of plants: 142,Rucula,SPRING,4.45,142,HortasDoVale-East (HDVE) - bed 23 south section
2022-W19 Rucula HVE24-S,Length (m): 4.45; Nr of plants: 142,Rucula,SPRING,4.45,142,HortasDoVale-East (HDVE) - bed 24 south section
2022-W19 Salanova SGH2-S,Length (m): 12; Nr of plants: 192,Salanova,SPRING,12,192,Summer Green House (SGH) - bed 2 south section
2022-W19 Spring onion HVE13-S,Length (m): 8.02; Nr of plants: 384,Spring onion,SPRING,8.02,384,HortasDoVale-East (HDVE) - bed 13 south section
2022-W19 Sweet corn HVW01,Length (m): 57; Nr of plants: 456,Sweet corn,SPRING,57,456,HortasDoVale-West (HDVW) - bed 1
2022-W19 Watermelon HVW09,Length (m): 57; Nr of plants: 56,Watermelon,SPRING,57,56,HortasDoVale-West (HDVW) - bed 9
2022-W20 Beetroot HVE09-N,Length (m): 18.3; Nr of plants: 292,Beetroot,SPRING,18.3,292,HortasDoVale-East (HDVE) - bed 9 north section
2022-W20 Beetroot HVW05,Length (m): 57; Nr of plants: 170,Beetroot,SPRING,57,170,HortasDoVale-West (HDVW) - bed 5
2022-W20 Butternut squash HVE17,Length (m): 12.46; Nr of plants: 12,Butternut squash,SPRING,12.46,12,HortasDoVale-East (HDVE) - bed 17
2022-W20 Butternut squash HVW01-S,Length (m): 8.91; Nr of plants: 8,Butternut squash,SPRING,8.91,8,HortasDoVale-West (HDVW) - bed 1 south section
2022-W20 Carrot HVE04,Length (m): 55.2; Nr of plants: 8280,Carrot,SPRING,55.2,8280,HortasDoVale-East (HDVE) - bed 4
2022-W20 Celery HVW05,Length (m): 57; Nr of plants: 170,Celery,SPRING,57,170,HortasDoVale-West (HDVW) - bed 5
2022-W20 Cucumber HVW01-S,Length (m): 5.34; Nr of plants: 10,Cucumber,SPRING,5.34,10,HortasDoVale-West (HDVW) - bed 1 south section
2022-W20 Hokkaido squash HVE17,Length (m): 33.8; Nr of plants: 32,Hokkaido squash,SPRING,33.8,32,HortasDoVale-East (HDVE) - bed 17
2022-W20 Hokkaido squash HVW01,Length (m): 57; Nr of plants: 56,Hokkaido squash,SPRING,57,56,HortasDoVale-West (HDVW) - bed 1
2022-W20 Lettuce HVW05,Length (m): 57; Nr of plants: 170,Lettuce,SPRING,57,170,HortasDoVale-West (HDVW) - bed 5
2022-W20 Muscade Pumpkin HVE17,Length (m): 8.9; Nr of plants: 8,Muscade Pumpkin,SPRING,8.9,8,HortasDoVale-East (HDVE) - bed 17
2022-W20 Salanova HVW05,Length (m): 57; Nr of plants: 170,Salanova,SPRING,57,170,HortasDoVale-West (HDVW) - bed 5
2022-W20 Swiss chard HVE14-N,Length (m): 27.6; Nr of plants: 248,Swiss chard,SPRING,27.6,248,HortasDoVale-East (HDVE) - bed 14 north section
2022-W20 Tomato roma HVW22,Length (m): 57; Nr of plants: 114,Tomato roma,SPRING,57,114,HortasDoVale-West (HDVW) - bed 22
2022-W20 Turnip HVE08-S,Length (m): 18.3; Nr of plants: 2196,Turnip,SPRING,18.3,2196,HortasDoVale-East (HDVE) - bed 8 south section
2022-W20 Zucchini HVW01-S,Length (m): 1.78; Nr of plants: 2,Zucchini,SPRING,1.78,2,HortasDoVale-West (HDVW) - bed 1 south section
2022-W21 Basil HVW08,Length (m): 57; Nr of plants: 456,Basil,SPRING,57,456,HortasDoVale-West (HDVW) - bed 8
2022-W21 Basil HVW15-N,Length (m): 28.5; Nr of plants: 228,Basil,SPRING,28.5,228,HortasDoVale-West (HDVW) - bed 15 north section
2022-W21 Radishes HVE08-S,Length (m): 13.8; Nr of plants: 1656,Radishes,SPRING,13.8,1656,HortasDoVale-East (HDVE) - bed 8 south section
2022-W21 Tomatoes small HVW08,Length (m): 57; Nr of plants: 56,Tomatoes small,SPRING,57,56,HortasDoVale-West (HDVW) - bed 8
2022-W21 Tomatoes small HVW15,Length (m): 57; Nr of plants: 56,Tomatoes small,SPRING,57,56,HortasDoVale-West (HDVW) - bed 15
2022-W21 Tomatoes varied HVW08,Length (m): 57; Nr of plants: 56,Tomatoes varied,SPRING,57,56,HortasDoVale-West (HDVW) - bed 8
2022-W21 Tomatoes varied HVW15,Length (m): 57; Nr of plants: 56,Tomatoes varied,SPRING,57,56,HortasDoVale-West (HDVW) - bed 15
2022-W22 Celery HVW13-N,Length (m): 12.5; Nr of plants: 200,Celery,SPRING,12.5,200,HortasDoVale-West (HDVW) - bed 13 north section
2022-W22 Coriander HVE24-N,Length (m): 2.23; Nr of plants: 71,Coriander,SPRING,2.23,71,HortasDoVale-East (HDVE) - bed 24 north section
2022-W22 Lettuce HVE24-N,Length (m): 2.23; Nr of plants: 35,Lettuce,SPRING,2.23,35,HortasDoVale-East (HDVE) - bed 24 north section
2022-W22 Melon long HVW21-S,Length (m): 28.5; Nr of plants: 28,Melon long,SPRING,28.5,28,HortasDoVale-West (HDVW) - bed 21 south section
2022-W22 Melon round HVW17,Length (m): 14.26; Nr of plants: 14,Melon round,SPRING,14.26,14,HortasDoVale-West (HDVW) - bed 17
2022-W22 Melon round HVW21-N,Length (m): 28.5; Nr of plants: 28,Melon round,SPRING,28.5,28,HortasDoVale-West (HDVW) - bed 21 north section
2022-W22 Pack choi HVE23-N,Length (m): 8.02; Nr of plants: 128,Pack choi,SPRING,8.02,128,HortasDoVale-East (HDVE) - bed 23 north section
2022-W22 Parsley HVW13-N,Length (m): 12.5; Nr of plants: 200,Parsley,SPRING,12.5,200,HortasDoVale-West (HDVW) - bed 13 north section
2022-W22 Rucula HVE24-N,Length (m): 2.23; Nr of plants: 71,Rucula,SPRING,2.23,71,HortasDoVale-East (HDVE) - bed 24 north section
2022-W22 Salanova HVE23-N,Length (m): 8.02; Nr of plants: 128,Salanova,SPRING,8.02,128,HortasDoVale-East (HDVE) - bed 23 north section
2022-W22 Watermelon HVW17,Length (m): 57; Nr of plants: 56,Watermelon,SPRING,57,56,HortasDoVale-West (HDVW) - bed 17
2022-W23 Celery HVW03,Length (m): 8.9; Nr of plants: 24,Celery,SPRING,8.9,24,HortasDoVale-West (HDVW) - bed 3
2022-W23 Cucumber HVW11-S,Length (m): 9.8; Nr of plants: 39,Cucumber,SPRING,9.8,39,HortasDoVale-West (HDVW) - bed 11 south section
2022-W23 Horseradish HVE04-N,Length (m): 9; Nr of plants: 1080,Horseradish,SPRING,9,1080,HortasDoVale-East (HDVE) - bed 4 north section
2022-W23 Lettuce HVW03-S,Length (m): 16; Nr of plants: 43,Lettuce,SPRING,16,43,HortasDoVale-West (HDVW) - bed 3 south section
2022-W23 Zucchini HVW11-S,Length (m): 21.4; Nr of plants: 26,Zucchini,SPRING,21.4,26,HortasDoVale-West (HDVW) - bed 11 south section
2022-W24 Mizuna green SGH1-S,Length (m): 4.45; Nr of plants: 142,Mizuna green,SUMMER,4.45,142,Summer Green House (SGH) - bed 1 south section
2022-W24 Mizuna purple SGH1-S,Length (m): 4.45; Nr of plants: 142,Mizuna purple,SUMMER,4.45,142,Summer Green House (SGH) - bed 1 south section
2022-W25 Beetroot HVE08-N,Length (m): 27.6; Nr of plants: 441,Beetroot,SUMMER,27.6,441,HortasDoVale-East (HDVE) - bed 8 north section
2022-W25 Pack choi SGH4-S,Length (m): 11.1; Nr of plants: 177,Pack choi,SUMMER,11.1,177,Summer Green House (SGH) - bed 4 south section
2022-W25 Radishes SGH1-N,Length (m): 11.6; Nr of plants: 185,Radishes,SUMMER,11.6,185,Summer Green House (SGH) - bed 1 north section
2022-W25 Rucula SGH3-S,Length (m): 12; Nr of plants: 384,Rucula,SUMMER,12,384,Summer Green House (SGH) - bed 3 south section
2022-W25 Salanova SGH3-N,Length (m): 8.02; Nr of plants: 128,Salanova,SUMMER,8.02,128,Summer Green House (SGH) - bed 3 north section
2022-W25 Spinaches SGH2-N,Length (m): 8.02; Nr of plants: 256,Spinaches,SUMMER,8.02,256,Summer Green House (SGH) - bed 2 north section
2022-W26 Coriander SGH2-N,Length (m): 2.67; Nr of plants: 85,Coriander,SUMMER,2.67,85,Summer Green House (SGH) - bed 2 north section
2022-W26 Lettuce HVE09-N,Length (m): 8.91; Nr of plants: 142,Lettuce,SUMMER,8.91,142,HortasDoVale-East (HDVE) - bed 9 north section
2022-W26 Pack choi SGH1-N,Length (m): 4.45; Nr of plants: 71,Pack choi,SUMMER,4.45,71,Summer Green House (SGH) - bed 1 north section
2022-W27 Celery SGH4-N,Length (m): 7.57; Nr of plants: 121,Celery,SUMMER,7.57,121,Summer Green House (SGH) - bed 4 north section
2022-W27 Coriander HVE23-S,Length (m): 9; Nr of plants: 288,Coriander,SUMMER,9,288,HortasDoVale-East (HDVE) - bed 23 south section
2022-W27 Lettuce HVE04-N,Length (m): 12.5; Nr of plants: 200,Lettuce,SUMMER,12.5,200,HortasDoVale-East (HDVE) - bed 4 north section
2022-W27 Lettuce SGH4-N,Length (m): 4.9; Nr of plants: 78,Lettuce,SUMMER,4.9,78,Summer Green House (SGH) - bed 4 north section
2022-W27 Mizuna green HVE23-S,Length (m): 4.45; Nr of plants: 142,Mizuna green,SUMMER,4.45,142,HortasDoVale-East (HDVE) - bed 23 south section
2022-W27 Mizuna purple HVE23-S,Length (m): 4.45; Nr of plants: 142,Mizuna purple,SUMMER,4.45,142,HortasDoVale-East (HDVE) - bed 23 south section
2022-W28 Leek HVE03,Length (m): 55.2; Nr of plants: 1766,Leek,SUMMER,55.2,1766,HortasDoVale-East (HDVE) - bed 3
2022-W28 Lettuce HVE21-N,Length (m): 5.34; Nr of plants: 85,Lettuce,SUMMER,5.34,85,HortasDoVale-East (HDVE) - bed 21 north section
2022-W28 Pack choi SGH1-S,Length (m): 4.45; Nr of plants: 71,Pack choi,SUMMER,4.45,71,Summer Green House (SGH) - bed 1 south section
2022-W28 Radishes HVE21-N,Length (m): 16; Nr of plants: 1920,Radishes,SUMMER,16,1920,HortasDoVale-East (HDVE) - bed 21 north section
2022-W28 Rucula HVE23-S,Length (m): 9; Nr of plants: 288,Rucula,SUMMER,9,288,HortasDoVale-East (HDVE) - bed 23 south section
2022-W28 Salanova HVE21-N,Length (m): 10.7; Nr of plants: 171,Salanova,SUMMER,10.7,171,HortasDoVale-East (HDVE) - bed 21 north section
2022-W28 Spinaches HVE23-N,Length (m): 9; Nr of plants: 288,Spinaches,SUMMER,9,288,HortasDoVale-East (HDVE) - bed 23 north section
2022-W28 Spring onion HVE03-S,Length (m): 19.6; Nr of plants: 940,Spring onion,SUMMER,19.6,940,HortasDoVale-East (HDVE) - bed 3 south section
2022-W29 Aubergine HVE01-N,Length (m): 27.6; Nr of plants: 73,Aubergine,SUMMER,27.6,73,HortasDoVale-East (HDVE) - bed 1 north section
2022-W29 Beetroot HVE01-N,Length (m): 27.6; Nr of plants: 220,Beetroot,SUMMER,27.6,220,HortasDoVale-East (HDVE) - bed 1 north section
2022-W29 Beetroot HVE01-S,Length (m): 14.3; Nr of plants: 228,Beetroot,SUMMER,14.3,228,HortasDoVale-East (HDVE) - bed 1 south section
2022-W29 Beetroot HVE02-N,Length (m): 4.01; Nr of plants: 32,Beetroot,SUMMER,4.01,32,HortasDoVale-East (HDVE) - bed 2 north section
2022-W29 Celery HVE01-S,Length (m): 16; Nr of plants: 256,Celery,SUMMER,16,256,HortasDoVale-East (HDVE) - bed 1 south section
2022-W29 Dill HVE02-N,Length (m): 4.54; Nr of plants: 145,Dill,SUMMER,4.54,145,HortasDoVale-East (HDVE) - bed 2 north section
2022-W29 Horseradish HVE02-S,Length (m): 12; Nr of plants: 384,Horseradish,SUMMER,12,384,HortasDoVale-East (HDVE) - bed 2 south section
2022-W29 Lettuce HVE01-N,Length (m): 27.6; Nr of plants: 165,Lettuce,SUMMER,27.6,165,HortasDoVale-East (HDVE) - bed 1 north section
2022-W29 Parsley HVE02-N,Length (m): 9; Nr of plants: 288,Parsley,SUMMER,9,288,HortasDoVale-East (HDVE) - bed 2 north section
2022-W30 Basil HVW20-N,Length (m): 28.5; Nr of plants: 151,Basil,SUMMER,28.5,151,HortasDoVale-West (HDVW) - bed 20 north section
2022-W30 Butternut squash HVW19,Length (m): 20; Nr of plants: 20,Butternut squash,SUMMER,20,20,HortasDoVale-West (HDVW) - bed 19
2022-W30 Carrot HVE04-S,Length (m): 27.6; Nr of plants: 4140,Carrot,SUMMER,27.6,4140,HortasDoVale-East (HDVE) - bed 4 south section
2022-W30 Cucumber HVW20-S,Length (m): 8.91; Nr of plants: 40,Cucumber,SUMMER,8.91,40,HortasDoVale-West (HDVW) - bed 20 south section
2022-W30 Fennel bulb HVE02-N,Length (m): 8.02; Nr of plants: 128,Fennel bulb,SUMMER,8.02,128,HortasDoVale-East (HDVE) - bed 2 north section
2022-W30 Hokkaido squash HVW19,Length (m): 40; Nr of plants: 40,Hokkaido squash,SUMMER,40,40,HortasDoVale-West (HDVW) - bed 19
2022-W30 Leek HVE16-N,#VALUE!,Leek,SUMMER,#VALUE!,#VALUE!,HortasDoVale-East (HDVE) - bed 16 north section
2022-W30 Lettuce HVE02-S,Length (m): 12; Nr of plants: 384,Lettuce,SUMMER,12,384,HortasDoVale-East (HDVE) - bed 2 south section
2022-W30 Potato HVE10,Length (m): 55.2; Nr of plants: 220,Potato,SUMMER,55.2,220,HortasDoVale-East (HDVE) - bed 10
2022-W30 Spring onion HVE16-N,#VALUE!,Spring onion,SUMMER,#VALUE!,#VALUE!,HortasDoVale-East (HDVE) - bed 16 north section
2022-W30 Sweet corn HVE10,Length (m): 55.2; Nr of plants: 220,Sweet corn,SUMMER,55.2,220,HortasDoVale-East (HDVE) - bed 10
2022-W30 Tomatoes small HVW20-N,Length (m): 12; Nr of plants: 15,Tomatoes small,SUMMER,12,15,HortasDoVale-West (HDVW) - bed 20 north section
2022-W30 Tomatoes varied HVW20-N,Length (m): 16.5; Nr of plants: 21,Tomatoes varied,SUMMER,16.5,21,HortasDoVale-West (HDVW) - bed 20 north section
2022-W30 Zucchini HVW20-S,Length (m): 23.2; Nr of plants: 30,Zucchini,SUMMER,23.2,30,HortasDoVale-West (HDVW) - bed 20 south section
2022-W32 Carrot HVE16-S,Length (m): 25.8; Nr of plants: 3870,Carrot,SUMMER,25.8,3870,HortasDoVale-East (HDVE) - bed 16 south section
2022-W32 Coriander HVE24-S,Length (m): 9.08; Nr of plants: 290,Coriander,SUMMER,9.08,290,HortasDoVale-East (HDVE) - bed 24 south section
2022-W32 Dinosaur kale HVE15-S,Length (m): 27.6; Nr of plants: 220,Dinosaur kale,SUMMER,27.6,220,HortasDoVale-East (HDVE) - bed 15 south section
2022-W32 Mizuna green HVE24-S,Length (m): 4.01; Nr of plants: 128,Mizuna green,SUMMER,4.01,128,HortasDoVale-East (HDVE) - bed 24 south section
2022-W32 Mizuna purple HVE24-S,Length (m): 4.01; Nr of plants: 128,Mizuna purple,SUMMER,4.01,128,HortasDoVale-East (HDVE) - bed 24 south section
2022-W32 Radishes HVE24-N,Length (m): 9.08; Nr of plants: 1089,Radishes,SUMMER,9.08,1089,HortasDoVale-East (HDVE) - bed 24 north section
2022-W32 Rucula HVE24-S,Length (m): 9.8; Nr of plants: 313,Rucula,SUMMER,9.8,313,HortasDoVale-East (HDVE) - bed 24 south section
2022-W32 Salanova HVE24-N,Length (m): 9.08; Nr of plants: 145,Salanova,SUMMER,9.08,145,HortasDoVale-East (HDVE) - bed 24 north section
2022-W32 Spinaches HVE24-N,Length (m): 9.08; Nr of plants: 290,Spinaches,SUMMER,9.08,290,HortasDoVale-East (HDVE) - bed 24 north section
2022-W32 Swiss chard HVE15-N,Length (m): 27.6; Nr of plants: 220,Swiss chard,SUMMER,27.6,220,HortasDoVale-East (HDVE) - bed 15 north section
2022-W33 Beetroot HVE11,Length (m): 57; Nr of plants: 342,Beetroot,SUMMER,57,342,HortasDoVale-East (HDVE) - bed 11
2022-W33 Cucumber HVE08-S,Length (m): 10.7; Nr of plants: 42,Cucumber,SUMMER,10.7,42,HortasDoVale-East (HDVE) - bed 8 south section
2022-W33 Green cabbage HVE11-N,Length (m): 28.5; Nr of plants: 114,Green cabbage,SUMMER,28.5,114,HortasDoVale-East (HDVE) - bed 11 north section
2022-W33 Kolrabi HVE11,Length (m): 57; Nr of plants: 228,Kolrabi,SUMMER,57,228,HortasDoVale-East (HDVE) - bed 11
2022-W33 Lettuce HVE11-N,Length (m): 28.5; Nr of plants: 114,Lettuce,SUMMER,28.5,114,HortasDoVale-East (HDVE) - bed 11 north section
2022-W33 Lettuce HVE11-S,Length (m): 28.5; Nr of plants: 114,Lettuce,SUMMER,28.5,114,HortasDoVale-East (HDVE) - bed 11 south section
2022-W33 Tomato roma HVE25,Length (m): 53.4; Nr of plants: 212,Tomato roma,SUMMER,53.4,212,HortasDoVale-East (HDVE) - bed 25
2022-W33 Tomatoes small HVE25-S,Length (m): 6.23; Nr of plants: 24,Tomatoes small,SUMMER,6.23,24,HortasDoVale-East (HDVE) - bed 25 south section
2022-W33 Zucchini HVE08-S,Length (m): 21.4; Nr of plants: 28,Zucchini,SUMMER,21.4,28,HortasDoVale-East (HDVE) - bed 8 south section
2022-W34 Brussels sprouts HVE09-S,Length (m): 13.4; Nr of plants: 17,Brussels sprouts,SUMMER,13.4,17,HortasDoVale-East (HDVE) - bed 9 south section
2022-W34 Celery SGH1-N,Length (m): 9.8; Nr of plants: 156,Celery,SUMMER,9.8,156,Summer Green House (SGH) - bed 1 north section
2022-W34 Chinese cabbage SGH1-S,Length (m): 8.02; Nr of plants: 64,Chinese cabbage,SUMMER,8.02,64,Summer Green House (SGH) - bed 1 south section
2022-W34 Chinese cabbage SGH2-N,Length (m): 8.91; Nr of plants: 142,Chinese cabbage,SUMMER,8.91,142,Summer Green House (SGH) - bed 2 north section
2022-W34 Dinosaur kale SGH1-S,Length (m): 5.34; Nr of plants: 42,Dinosaur kale,SUMMER,5.34,42,Summer Green House (SGH) - bed 1 south section
2022-W34 Leef cabbage HVE09-S,Length (m): 13.4; Nr of plants: 17,Leef cabbage,SUMMER,13.4,17,HortasDoVale-East (HDVE) - bed 9 south section
2022-W34 Pack choi SGH2-N,Length (m): 4.45; Nr of plants: 71,Pack choi,SUMMER,4.45,71,Summer Green House (SGH) - bed 2 north section
2022-W34 Tomatoes small HVE09-N,Length (m): 5.34; Nr of plants: 7,Tomatoes small,SUMMER,5.34,7,HortasDoVale-East (HDVE) - bed 9 north section
2022-W34 Tomatoes small HVE25,Length (m): 5.34; Nr of plants: 10,Tomatoes small,SUMMER,5.34,10,HortasDoVale-East (HDVE) - bed 25
2022-W34 Tomatoes varied HVE09-N,Length (m): 25.8; Nr of plants: 25,Tomatoes varied,SUMMER,25.8,25,HortasDoVale-East (HDVE) - bed 9 north section
2022-W34 Tomatoes varied HVE25,Length (m): 10.68; Nr of plants: 20,Tomatoes varied,SUMMER,10.68,20,HortasDoVale-East (HDVE) - bed 25